store,name,sales,price
vivo官方旗舰店,vivoZ5x,20000,1198
京合旗舰店,Huawei/华为畅享10plus,3267,1199
vivo官方旗舰店,vivoZ5x,20000,1198
华为官方旗舰店,Huawei/华为Mate30Pro5G,30000,6399
vivo官方旗舰店,vivoiQOOPro5G,6500,3298
小米官方旗舰店,红米8A,20000,599
华为官方旗舰店,Huawei/华为Mate305G,20000,4999
喜洋洋工作屋,Apple/苹果iPhone7Plus,10000,2160
樱公爵,Apple/苹果iPhone8Plus,2143,1970
苏宁易购官方旗舰店,Huawei/华为P30,2212,3388
苏宁易购官方旗舰店,Apple/苹果iPhone11,20000,5499
绿森数码官方旗舰店,Apple/苹果iPhone112019,4883,5499
洋桃旗舰店,Apple/苹果iPhone11,30000,5499
小米官方旗舰店,红米k20pro,10000,2799
oppo官方旗舰店,OPPOK5,10000,1799
oppo官方旗舰店,OPPOReno3,2794,3399
洋桃旗舰店,Apple/苹果iPhone11proMax,1527,10899
魅族官方旗舰店,Meizu/魅族16sPro,3172,2689
翼天下天翼电信旗舰店,Apple/苹果iPhone11,199,5149
绿森数码官方旗舰店,Apple/苹果iPhone11ProMAX2019,970,9599
京合旗舰店,Huawei/华为nova5Pro,4096,2499
vivo衡视专卖店,vivoX305G,963,3298
广东电信亿品汇专卖店,Xiaomi/小米99plus,1932,2399
亦儿手机店,Apple/苹果iPhoneXiphonex,1707,3400
中国电信官方旗舰店,Apple/苹果iPhone11,182,5149
t_1497275927126_0366,honor/荣耀V30PRO5G,7,3139
喜洋洋工作屋,Apple/苹果iPhone8Plus,9500,2600
realme官方旗舰店,realme真我X26400,3766,1299
一加创华威专卖店,一加7t,1415,3199
一加创华威专卖店,一加7Pro,1781,3499
vivo航鹰专卖店,vivoX305G,653,3298
博盛景数码专营店,Apple/苹果iPhone11,652,5048
坚果手机旗舰店,锤子坚果Pro3,1972,2399
京联通达数码旗舰店,Huawei/华为nova65G,713,3199
vivo官方旗舰店,vivoZ5x,20000,1198
华为官方旗舰店,Huawei/华为Mate30Pro5G,30000,6399
vivo官方旗舰店,vivoZ5x,20000,1198
小米官方旗舰店,红米k305G,0,2599
喜洋洋工作屋,Apple/苹果iPhone7Plus,10000,2160
小米官方旗舰店,红米8A,20000,599
华为官方旗舰店,Huawei/华为Mate305G,20000,4999
樱公爵,Apple/苹果iPhone8Plus,2143,1970
苏宁易购官方旗舰店,Huawei/华为P30,2212,3388
苏宁易购官方旗舰店,Apple/苹果iPhone11,20000,5499
vivo官方旗舰店,vivoiQOOPro5G,6500,3298
绿森数码官方旗舰店,Apple/苹果iPhone112019,4883,5499
洋桃旗舰店,Apple/苹果iPhone11,30000,5499
oppo官方旗舰店,OPPOK5,10000,1799
oppo官方旗舰店,OPPOReno3,2794,3399
魅族官方旗舰店,Meizu/魅族16sPro,3172,2689
洋桃旗舰店,Apple/苹果iPhone11proMax,1527,10899
翼天下天翼电信旗舰店,Apple/苹果iPhone11,199,5149
绿森数码官方旗舰店,Apple/苹果iPhone11ProMAX2019,970,9599
京合旗舰店,Huawei/华为nova5Pro,4096,2499
广东电信亿品汇专卖店,Xiaomi/小米99plus,1932,2399
vivo衡视专卖店,vivoX305G,963,3298
亦儿手机店,Apple/苹果iPhoneXiphonex,1707,3400
中国电信官方旗舰店,Apple/苹果iPhone11,182,5149
t_1497275927126_0366,honor/荣耀V30PRO5G,7,3139
喜洋洋工作屋,Apple/苹果iPhone8Plus,9500,2600
一加创华威专卖店,一加7t,1415,3199
realme官方旗舰店,realme真我X26400,3766,1299
三际数码官方旗舰店,Huawei/华为Mate30Pro5Gmate30pro5G,680,6399
翼天下天翼电信旗舰店,Huawei/华为Mate205g,100,2699
一加创华威专卖店,一加7Pro,1781,3499
博盛景数码专营店,Apple/苹果iPhone11,652,5048
坚果手机旗舰店,锤子坚果Pro3,1972,2399
华为莫问专卖店,Huawei/华为Mate30Pro5Gmate30pro5G,609,6399
佳惠兴通数码专营店,OPPOA8oppoa8,4,1199
小淘器数码专营店,Huawei/华为华为畅享10plus,1008,1199
首佳誉数码专营店,vivoX30,32,3298
蓝港数码专营店,honor/荣耀V20,1196,1759
日韩馆2013,Apple/苹果iPhoneXRiphonexr,884,3650
oppo欧曙专卖店,OPPOReno3Proopporeno3prooppo5g,269,3999
vivo航鹰专卖店,vivoiQOOPro5G,536,3498
vivo官方旗舰店,vivoX30,6500,3298
vivo官方旗舰店,vivoS5,1775,2698
华为官方旗舰店,Huawei/华为nova5Pro,10000,2499
华为官方旗舰店,Huawei/华为P30,10000,3388
苏宁易购官方旗舰店,红米k20pro,4552,2499
小米官方旗舰店,红米k20pro,10000,2799
oppo官方旗舰店,OPPOReno3Pro,8000,3999
洋桃旗舰店,Apple/苹果iphone11pro,1058,9999
oppo官方旗舰店,OPPOReno2Z,1843,2299
中国移动官方旗舰店,Apple/苹果iPhone7Plus,553,2699
三际数码官方旗舰店,Huawei/华为Mate30Pro5Gmate30pro5G,680,6399
中国移动官方旗舰店,honor/荣耀V20,418,2399
魅族官方旗舰店,Meizu/魅族16s,494,2399
三际数码官方旗舰店,Huawei/华为nova5Pro,771,2499
realme官方旗舰店,realme真我X,2046,1299
vivo衡视专卖店,vivoX27,1469,2498
彩虹色的蜻蜓,Apple/苹果iPhoneXSMax,5000,3514
realme官方旗舰店,realme真我X2Pro,599,2599
旭远数码专营店,Huawei/华为Mate305G,122,3999
绿森数码官方旗舰店,Apple/苹果iPhone11Pro2019,400,8699
小唐1688,Apple/苹果iPhoneXR,4092,3150
vivo衡视专卖店,vivoiQOOPro5G,473,3498
vivo天诚专卖店,vivoX305G,494,3298
vivo衡视专卖店,vivoiQOOPro5G,473,3498
vivo天诚专卖店,vivoX305G,494,3298
能良数码官方旗舰店,vivoX305G,307,3298
因尔科技,Apple/苹果iPhoneX,3301,2120
牛皮匠鞋坊,Apple/苹果iPhone8,743,2077
京合旗舰店,Huawei/华为Nova6SE,347,2199
翼天下天翼电信旗舰店,Apple/苹果iPhone11,111,5149
fashino小怪,Apple/苹果iPhone7,402,1600
vivo欧曙专卖店,vivoX305g,436,3298
魅族官方旗舰店,Meizu/魅族16Xs,757,1499
轻松换数码旗舰店,Apple/苹果iPhone11,718,5088
卓瓦数码专营店,Apple/苹果iPhoneXSMax,100,6599
oppo平实专卖店,OPPOReno3Proopporeno3pro5g,207,3999
vivo官方旗舰店,vivoiQOONeo855,8000,2098
vivo官方旗舰店,vivoiQOONeo855,2566,2598
华为官方旗舰店,Huawei/华为nova6SE,10000,2199
华为官方旗舰店,Huawei/华为P30Pro,8500,4488
苏宁易购官方旗舰店,Apple/苹果iPhoneXR,6500,4588
小米官方旗舰店,红米note8pro6400,10000,1199
oppo官方旗舰店,OPPORenoAce,5500,2999
中国移动官方旗舰店,Apple/苹果iPhoneXR,132,4468
三际数码官方旗舰店,OPPOReno3Proopporeno3pro5g,423,3999
三际数码官方旗舰店,Huawei/华为Mate20,704,2699
oppo官方旗舰店,OPPORenoopporeno,442,2499
广东电信亿品汇专卖店,Huawei/华为Mate305G,384,4999
广东电信亿品汇专卖店,Huawei/华为nova65G,408,3199
京合旗舰店,Huawei/华为nova65G,308,3199
京合旗舰店,Huawei/华为Mate30pro,264,6399
蓝港数码专营店,Huawei/华为nova5Pro,1260,2699
蓝港数码专营店,Huawei/华为Mate30,441,3999
能良数码官方旗舰店,Apple/苹果iPhone11,592,5250
魅族官方旗舰店,Meizu/魅族16th,772,1598
heatlinda,红米8a,786,528
一加创华威专卖店,一加7,258,2599
魅族官方旗舰店,Meizu/魅族16th,772,1598
华为莫问专卖店,Huawei/华为Mate305Gmate30pro5G,352,4999
oksj数码旗舰店,Apple/苹果iPhone11,133,5388
能良数码官方旗舰店,OPPOReno3Proopporeno3pro5g,189,3999
晨曦爱森林浴,Apple/苹果iPhoneX,1409,2170
博海宇通数码专营店,Huawei/华为畅享9,5000,749
realme官方旗舰店,realme真我X2Pro256G,139,2999
sayhay自营店,Apple/苹果iPhone11ProMax,1537,3530
电子世界show,Apple/苹果iPhone8Plus,809,2130
博盛景数码专营店,Apple/苹果iPhoneXSMaxiPhonexsmax12,122,5999
时尚华尔,Apple/苹果iPhone11ProMax,345,3488
时尚麻豆家企业店铺,Apple/苹果iPhone8Plus,5000,2400
realme官方旗舰店,realme真我Q,3061,948
中华淘购网店,Apple/苹果iPhone11ProMax,839,3498
陶开红,Apple/苹果iPhoneXR,184,3470
子轩_果果,Apple/苹果iPhoneXSMax,4354,3280
魅族官方旗舰店,Meizu/魅族16thPlus,610,1798
时尚名媛品牌店,Apple/苹果iPhoneX,2494,2228
唯美气质淑女日韩馆,Apple/苹果iPhone7Plus,10000,1800
博盛景数码专营店,Apple/苹果iPhone11Pro,83,8058
vivo官方旗舰店,vivoiQOOPro,1787,2898
vivo官方旗舰店,vivoZ5,10000,1398
华为官方旗舰店,Huawei/华为Mate30,10000,3999
苏宁易购官方旗舰店,Apple/苹果iPhone11ProMax,4047,9599
苏宁易购官方旗舰店,Huawei/华为P30Pro,2489,4488
华为官方旗舰店,Huawei/华为nova5i,3782,1799
中国移动官方旗舰店,honor/荣耀20PRO,328,2699
oppo官方旗舰店,OPPOReno2,1276,2999
oppo官方旗舰店,OPPOA91,279,1999
京合旗舰店,honor/荣耀20,2256,1099
蓝港数码专营店,Huawei/华为nova65G,274,3199
能良数码官方旗舰店,Huawei/华为Nova65G,244,3199
京合旗舰店,Huawei/华为畅享10plus,3267,1199
博盛景数码专营店,Apple/苹果iPhone11Pro,83,8058
彩虹色的蜻蜓,Apple/苹果iPhoneXR,2927,2128
华为莫问专卖店,Huawei/华为nova65G,377,3199
因尔科技,Apple/苹果iPhoneX,963,2100
zhongweixin8250,Apple/苹果iPhone8Plus4G,4504,2200
佳欣共创科技,Apple/苹果iPhone11ProMax,1974,4699
heatlinda,honor/荣耀V30Pro5Gv30,1135,2998
liubingtuan,Apple/苹果iPhoneXRiphonexr,3962,2780
深圳梦幻公主服饰,Apple/苹果iPhoneX,3679,3415
领域数码通讯,Apple/苹果iPhone11ProMax,1233,3565
新平通讯,Apple/苹果iPhoneXSMax,1776,3380
同步飞扬数码专营店,Huawei/华为nova65G,626,3199
潮流3号线,Apple/苹果iPhoneX,1560,2290
oppo平实专卖店,OPPORenoAceopporenoace,1264,2999
周宏亮,Apple/苹果iPhone11Pro,3438,3787
vivo衡视专卖店,vivoX30Pro5G,427,3998
俞小wen,Apple/苹果iPhoneX,3029,3350
tb9173203_00,Apple/苹果iPhone8Plus,4362,2000
翼天下天翼电信旗舰店,Apple/苹果iPhoneXR,31,4399
能良数码官方旗舰店,红米K30,1014,1599
vivo航鹰专卖店,vivoiQOONeo855,353,2198
ysdee9,Apple/苹果iPhoneXR,357,3430
adfkfilemon,Apple/苹果iPhone8Plus,4342,2130
wezebaba,honor/荣耀V30Pro5Gv30,1060,2998
vivo官方旗舰店,vivoX30Pro,3553,3998
vivo官方旗舰店,vivoNEX35G,1160,5698
京合旗舰店,honor/荣耀20,2256,1099
玩风数码专营店,红米,20,539
苏宁易购官方旗舰店,Apple/苹果iPhone11,8500,5499
华为官方旗舰店,Huawei/华为Mate30Pro,4604,5799
华为官方旗舰店,Huawei/华为nova5,1549,2599
三际数码官方旗舰店,Huawei/华为Mate30Mate30,266,3999
小米官方旗舰店,红米note84800,20000,899
中国移动官方旗舰店,Huawei/华为Mate20,236,2699
中国移动官方旗舰店,Apple/苹果iPhone11Pro,108,8258
三际数码官方旗舰店,红米K20pro,823,2499
oppo官方旗舰店,OPPOA91,279,1999
oppo官方旗舰店,OPPOA11,2138,1299
广东电信亿品汇专卖店,honor/荣耀20i,3529,999
蓝港数码专营店,Huawei/华为nova5iPro9x,731,1799
蓝港数码专营店,Huawei/华为Nova6SE,457,1799
京合旗舰店,Huawei/华为nova5iPro,811,1799
博盛景数码专营店,Apple/苹果iPhone11,30,5048
能良数码官方旗舰店,vivoX30Pro5g,214,3998
壹加陆时尚女装,Apple/苹果iPhoneX,1894,2728
卓瓦数码专营店,Apple/苹果iPhoneXR,98,4298
白领衣族01,Apple/苹果iPhoneXR,1387,2800
晨曦爱森林浴,Apple/苹果iPhone7Plus,8000,1650
碧丽丝轩衣阁,Apple/苹果iPhone11ProMax,344,4650
雄达数码2009,Apple/苹果iPhone8Plus,756,2200
zhoujinchun1124,Apple/苹果iPhone7Plus,5000,1580
vivo航鹰专卖店,vivoX30Pro5G,286,3998
中国电信官方旗舰店,Apple/苹果,67,4399
京合旗舰店,honor/荣耀V30pro5G,262,3899
会耍赖的猫888,Apple/苹果iPhone7Plus,5500,1500
旭远数码专营店,Huawei/华为nova5Pro6,225,2499
中国移动手机官方旗舰店,Apple/苹果iPhoneXR,50,4299
华为莫问专卖店,Huawei/华为Mate20Pro,148,2699
一朵花的记忆,Xiaomi/小米8,245,729
同迅数码专营店,honor/荣耀10,10,999
muyudemen,Apple/苹果iPhoneXRiphonexr,235,2465
中国移动手机官方旗舰店,Apple/苹果iPhoneXR,50,4299
华为莫问专卖店,Huawei/华为Mate20Pro,148,2699
久汇数码专营店,红米note8pro,689,999
光头先僧,Apple/苹果iPhone11ProMax,962,3558
桐庐丽影贸易有限公司,Apple/苹果iPhone8Plus,3351,2100
小瓜子韩版女装,Apple/苹果iPhoneXR,117,2600
vivo衡视专卖店,vivoZ5,425,1398
高远数码旗舰店,Apple/苹果iPhone11,27,5199
vivo衡视专卖店,vivoNEX35G,102,4998
vivo官方旗舰店,vivoX27,1673,2498
vivo官方旗舰店,vivoY9s,533,1998
华为官方旗舰店,Huawei/华为nova5z,10000,1599
苏宁易购官方旗舰店,Apple/苹果iPhone11Pro,2585,8699
华为官方旗舰店,Huawei/华为nova5iPro,5500,1599
小米官方旗舰店,红米note84800,20000,899
小米官方旗舰店,红米k20pro,1204,2799
oppo官方旗舰店,OPPORenoAce,453,3799
oppo官方旗舰店,OPPOK5,301,2499
博盛景数码专营店,Apple/苹果iPhone11ProMax,94,8758
红红豆豆200988,Apple/苹果iPhoneXSMax,4148,3588
oksj数码旗舰店,Huawei/华为P30Pro,226,3388
wywy12332122,Apple/苹果iPhoneXR,923,3500
博海宇通数码专营店,Huawei/华为nova4e,1331,1088
中国电信官方旗舰店,Apple/苹果iPhone11ProMax,14,8849
京合旗舰店,honor/荣耀20,89,2299
乐申商城,红米6a4A5A3S,593,208
京合旗舰店,honor/荣耀20,89,2299
icmay2012,Apple/苹果iPhone11ProMax,631,3499
魅族官方旗舰店,Meizu/魅族Note9,1338,1049
一加创华威专卖店,一加7tPro,353,4599
wywy12332122,Apple/苹果iPhoneXR,923,3500
碧丽丝轩衣阁,Apple/苹果iPhone11,263,3356
heatlinda,红米k30pro,3848,1438
南涛科技,Apple/苹果iPhoneX,1090,3445
轻松换数码旗舰店,Apple/苹果iPhoneXR,130,4268
zhimingyouhuo4,Apple/苹果iPhone8Plus,5500,1388
oppo平实专卖店,OPPOK5oppok5,476,1799
tao88108813,Apple/苹果iPhoneX,3968,3550
晨曦爱森林浴,Apple/苹果iPhone7Plus,8000,1650
kee123,Apple/苹果iPhone8Plus,3140,1979
zhuxiaoming1113,Apple/苹果iPhone11,308,3663
锴诚有限公司,Apple/苹果iPhoneXRiphonexr,1846,2682
oppo平实专卖店,OPPO5G,72,3399
vivo官方旗舰店,vivoiQOO,1432,2098
vivo官方旗舰店,vivoZ5,694,1398
苏宁易购官方旗舰店,honor/荣耀Magic2,1046,1799
苏宁易购官方旗舰店,红米,1445,2599
华为官方旗舰店,Huawei/华为畅享10Plus,20000,1299
华为官方旗舰店,Huawei/华为Mate20Pro,1208,4599
小米官方旗舰店,红米k30,683,1699
小米官方旗舰店,红米note8pro6400,2449,1199
三际数码官方旗舰店,OPPOReno3opporeno35g,235,3399
三际数码官方旗舰店,Huawei/华为nova65G,204,3199
中国移动官方旗舰店,Huawei/华为Mate20Pro,276,2699
oppo官方旗舰店,OPPOA8,574,1199
oppo官方旗舰店,OPPORenoZ,344,2199
一加创华威专卖店,一加7Pro,1781,3499
京合旗舰店,Huawei/华为P30,212,3388
锴诚有限公司,Apple/苹果iPhoneXRiphonexr,1846,2682
520方晓勇,Apple/苹果iPhone8Plus,289,2380
oppo平实专卖店,OPPO5G,72,3399
启泰数码,Apple/苹果iPhoneXSMax,695,3073
博盛景数码专营店,Apple/苹果iPhone114G,44,5699
京合旗舰店,Huawei/华为nova5z,649,1499
oksj数码旗舰店,honor/荣耀V20,470,1749
vivo航鹰专卖店,vivoX27,416,2498
oksj数码旗舰店,honor/荣耀8X,1511,868
vivo航鹰专卖店,vivoZ5xvivoz5x,507,1298
美图好手机,Apple/苹果iPhoneXSMax,4597,2050
爱富商城,Apple/苹果iPhoneXR,1468,3450
能良数码官方旗舰店,Apple/苹果iPhone11ProMAX,101,8288
一加创华威专卖店,一加7tPro,248,5299
卓瓦数码专营店,Apple/苹果iPhoneXS,36,5899
久汇数码专营店,Huawei/华为畅享9PLUS,633,798
深圳一航,honor/荣耀20pro,775,1998
首佳誉数码专营店,OPPOK5,645,1599
国货平价网,Huawei/华为Mate20Pro,1626,1956
科技通讯2014,Apple/苹果iPhone8Plus,402,2250
朗朗电玩,Apple/苹果iPhone116,519,5060
cjnlmn,Apple/苹果iPhoneXR,1331,2780
vivo官方旗舰店,vivoU3x,10000,799
vivo官方旗舰店,vivoiQOONeo855,539,2098
苏宁易购官方旗舰店,Apple/苹果iPhoneXR64G,1485,4799
苏宁易购官方旗舰店,vivoX30,1537,3298
华为官方旗舰店,Huawei/华为畅享9S,3767,999
君胜数码专营店,红米K305G,0,2699
君问数码官方旗舰店,红米k30,0,1599
中国移动手机官方旗舰店,Huawei/华为Mate30Pro5G,92,6899
华为官方旗舰店,Huawei/华为畅享9Plus,1250,1299
小米官方旗舰店,红米note8pro6400,2449,1199
三际数码官方旗舰店,Huawei/华为nova65G,204,3199
中国移动官方旗舰店,Xiaomi/小米9,211,2499
中国移动官方旗舰店,honor/荣耀NOTE10,501,1399
小米官方旗舰店,红米7A,6000,539
oppo官方旗舰店,OPPORenoopporeno,400,2499
oppo官方旗舰店,OPPOK3,5500,1799
蓝港数码专营店,Huawei/华为nova4e,1407,1599
广东电信亿品汇专卖店,Huawei/华为nova5Pro,239,2499
广东电信亿品汇专卖店,红米K20pro,201,2299
帝奕电子,Apple/苹果iPhone7Plus,1943,1580
卓瓦数码专营店,Apple/苹果iPhoneXR,28,4699
绝对诚信qq464547963,honor/荣耀V30Pro5Gv30,858,2968
ysdee9,Apple/苹果iPhone8Plus,454,2138
久汇数码专营店,Huawei/华为P20Pro,251,2099
卓瓦数码专营店,Apple/苹果iPhoneXSMax,109,5888
京合旗舰店,honor/荣耀9X,520,1199
翼天下天翼电信旗舰店,Apple/苹果iPhone11,27,5149
久汇数码专营店,Huawei/华为畅享10plus,1390,999
朵儿妈的生活,Apple/苹果iPhoneX,1327,3600
vivo智轩优品专卖店,vivoiQOO,89,2298
金万吉数码专营店,锤子坚果官方旗舰店全网通坚果R1Pro2s,276,2399
鱼飞电子,Apple/苹果iPhoneXRiPhonexr,398,3450
翼天下天翼电信旗舰店,Apple/苹果iPhoneXS,15,5899
realme官方旗舰店,realme真我X,232,999
手机之家通讯,Apple/苹果iPhoneXSMax,52,3750
苹果配件2013,Apple/苹果iPhone11ProMax,327,3562
vivo衡视专卖店,vivoS5,305,2698
小米合加专卖店,Xiaomi/小米CC9,4,1399
vivo衡视专卖店,vivoS5,305,2698
炫和科技,Apple/苹果iPhone11,334,4839
好机会数码旗舰店,Huawei/华为nova5Pro,118,2499
860803华晶,Apple/苹果iPhone11,336,4860
vivo官方旗舰店,vivoZ5x,882,1198
vivo官方旗舰店,vivoNEX3,217,4498
苏宁易购官方旗舰店,红米note8pro6400,6000,1199
华为官方旗舰店,Huawei/华为麦芒8,1062,1599
华为官方旗舰店,Huawei/华为畅享9e,10000,599
中国移动官方旗舰店,Huawei/华为nova4e,962,1118
中国移动官方旗舰店,Xiaomi/小米CC9,602,1419
三际数码官方旗舰店,红米k20pro,642,2599
小米官方旗舰店,红米85000mAh,7000,699
蓝港数码专营店,Huawei/华为畅享10Plus,1921,1299
蓝港数码专营店,honor/荣耀20,410,2199
oppo官方旗舰店,OPPOA11x4800,328,1799
oppo官方旗舰店,OPPOA5,4149,699
久汇数码专营店,Huawei/华为Mate20X5G,184,3168
卓瓦数码专营店,Apple/苹果iPhone11Pro,73,7998
久汇数码专营店,honor/荣耀Magic2,117,1649
翼天下天翼电信旗舰店,Apple/苹果iPhone11Pro,10,8159
华为莫问专卖店,Huawei/华为nova6SEnova6,157,2199
京合旗舰店,Huawei/华为Mate30,101,4999
龙通店,Xiaomi/小米CC9PRO,220,2388
韩潮风时尚服饰,Apple/苹果iPhone8Plus,568,1048
vivo航鹰专卖店,vivoiQOONeo855,138,1998
陶开红,Apple/苹果iPhoneXiPhonexr,241,2180
heatlinda,Xiaomi/小米9Pro5g,1589,2298
中国移动手机官方旗舰店,Apple/苹果iPhone11Pro,23,8099
vivo航鹰专卖店,vivoZ5,310,1398
京合旗舰店,honor/荣耀20s,139,1599
深圳市万紫千红有限公司,Xiaomi/小米CC9,0,1539
魅立数码专营店,红米8redmi8,39,679
旭辰数码专营店,中兴守护宝F6S,513,388
中宽通讯行,honor/荣耀V30PRO,309,3107
美图好手机,Apple/苹果iPhone8plus,2622,2100
中国移动手机官方旗舰店,Apple/苹果iPhoneXSMax,23,6129
翼天下天翼电信旗舰店,Apple/苹果iPhone11Pro,3,8159
创皂美丽时代创美,Apple/苹果iPhone8Plus,2543,2050
新西兰小镇特卡波,Apple/苹果iPhone8plus,404,2100
光头先僧,Apple/苹果iPhone11,217,3558
同达丰数码旗舰店,Huawei/华为nova65g,361,3199
金诺手机专营店,Apple/苹果iPhone112019,95,5199
zl528008,Apple/苹果iPhoneXR,2050,1800
周宏亮,Apple/苹果iPhone116,263,3999
vivo官方旗舰店,vivoiQOOPro5G,148,3698
vivo官方旗舰店,vivoU3,2840,999
苏宁易购官方旗舰店,Apple/苹果iPhone8,1374,3499
中国移动官方旗舰店,vivoiQOOPro5G,74,2998
中国移动官方旗舰店,Apple/苹果iPhone11ProMax,141,8968
三际数码官方旗舰店,vivoX305g,217,3298
小米官方旗舰店,红米note84800,742,899
蓝港数码专营店,Huawei/华为P30Pro,359,3388
广东电信亿品汇专卖店,红米K30Xiaomi,904,1599
广东电信亿品汇专卖店,红米note8proXiaomi,795,1059
华为官方旗舰店,Huawei/华为畅享8e,5000,499
oppo官方旗舰店,OPPOA11,346,1599
小米官方旗舰店,红米8A,1065,599
oppo官方旗舰店,OPPOK1,103,1299
京合旗舰店,honor/荣耀magic28,50,1999
中国移动手机官方旗舰店,Apple/苹果iPhone11ProMax,23,9199
vivo航鹰专卖店,vivoNEX35G,60,4998
vivo航鹰专卖店,vivoiQOOPro5G,143,3498
久汇数码专营店,Huawei/华为畅享9,892,738
华强科技1688,Apple/苹果iPhone8Plus,935,1838
绝对诚信qq464547963,红米k30pro,1554,1428
小米官方旗舰店,红米7A,901,539
wezebaba,honor/荣耀V30PRO5Gv30,400,2998
光头先僧,Apple/苹果iPhone11,217,3558
品牌机批发店,红米k30proplus,685,1417
一朵花的记忆,Xiaomi/小米9pro5G,349,3398
860803华晶,Apple/苹果iPhone11,336,4860
搜酷数码专营店,Apple/苹果iPhoneXR,81,4299
成功数码有限公司,Apple/苹果iPhone8Plus,178,2188
光头先僧,Apple/苹果iPhone11ProMax,288,3668
京合旗舰店,Huawei/华为畅享10,505,899
新西兰小镇特卡波,Apple/苹果iPhone8plus,404,2100
中创青云数码专营店,红米note8pro,594,949
馨思服装有限公司,Apple/苹果iPhoneX,182,2180
猩猩大晒,Apple/苹果iPhone8PlusiPhone8,680,1903
数码科技1628_1628,Apple/苹果iPhoneXR,420,2370
vivo官方旗舰店,vivoU3,2840,999
vivo官方旗舰店,vivoZ5x,530,1198
苏宁易购官方旗舰店,OPPOK56400,5500,1799
苏宁易购官方旗舰店,Apple/苹果iPhone11ProMax,542,9599
中国移动官方旗舰店,honor/荣耀NOTE10,501,1399
三际数码官方旗舰店,vivoiQOOpro5G,292,3498
中国移动官方旗舰店,Apple/苹果iPhoneXSMax,212,6388
广东电信亿品汇专卖店,红米K30Xiaomi,904,1599
蓝港数码专营店,Huawei/华为畅享9PLUS,1868,1099
华子聚源手机专营店,Huawei/华为P30,15,3388
广东电信亿品汇专卖店,Huawei/华为Nova6SE,142,1799
广东电信亿品汇专卖店,Huawei/华为P30Pro,376,3388
oppo官方旗舰店,OPPOA5,993,899
小米官方旗舰店,红米7A,901,539
京合旗舰店,Huawei/华为畅享10,505,899
馨思服装有限公司,Apple/苹果iPhoneX,182,2180
猩猩大晒,Apple/苹果iPhone8PlusiPhone8,680,1903
中创青云数码专营店,红米note8pro,594,949
搜酷数码专营店,Apple/苹果iPhoneXR,81,4299
浩瑜数码专营店,vivo华为耳机,1610,698
数码科技1628_1628,Apple/苹果iPhoneXR,420,2370
ygsd,Apple/苹果iPhone11,256,4758
壹加陆时尚女装,Apple/苹果iPhone8Plus,627,1880
问鼎数码专营店,realmeX2realmex2,530,1299
小xixi西西,Apple/苹果iPhoneXR,308,2000
轻松换数码旗舰店,Apple/苹果iPhone8,25,3228
好机会数码旗舰店,Huawei/华为P30,67,3388
创汇通达数码旗舰店,Apple/苹果iPhone11,7,5188
oppo官方旗舰店,OPPOA9x,138,1599
vivo衡视专卖店,vivoiQOOpro,38,2898
中国移动手机官方旗舰店,Apple/苹果iPhone7Plus,20,3699
淘缘购物,Apple/苹果iPhoneXSMax,162,2099
京合旗舰店,honor/荣耀V305G,58,3299
能良数码官方旗舰店,Apple/苹果iPhoneXR,35,4658
wezebaba,honor/荣耀20PRO,588,1657
岗隆数码专营店,Apple/苹果iPhone7,53,2698
鲁信数码科技公司,Huawei/华为Mate20ProUD,774,1928
oppo官方旗舰店,OPPOReno3,2794,3399
彩虹色的蜻蜓,Apple/苹果iPhoneXR,2927,2128
vivo官方旗舰店,vivoiQOONeo855,180,2798
vivo官方旗舰店,vivoiQOONeo,967,2098
苏宁易购官方旗舰店,Apple/苹果iPhone11ProMax,542,9599
苏宁易购官方旗舰店,vivoiQOONeo855,489,2598
三际数码官方旗舰店,Apple/苹果iPhoneXR4G,236,4428
中国移动官方旗舰店,Xiaomi/小米CC9e,747,1019
中国移动官方旗舰店,Apple/苹果iPhone8,60,3308
蓝港数码专营店,honor/荣耀20i,1548,999
广东电信亿品汇专卖店,Huawei/华为nova5z,404,1499
卓瓦数码专营店,Apple/苹果iPhone7Plus,53,2758
69铺小a,红米k30pro,1168,1428
数码科技1628_1628,Apple/苹果iPhone11,227,3448
josie哟,Apple/苹果iPhone8,324,1888
首佳誉数码专营店,vivoZ5,204,1398
y66613031,Apple/苹果iPhone11ProMax,363,4549
wywy12332122,Apple/苹果iPhone8Plus,810,2080
君问数码官方旗舰店,Apple/苹果iPhoneXSMax,52,5878
品牌机批发店,honor/荣耀V30PRO5Gv30,170,2967
博盛景数码专营店,Apple/苹果iPhone11Pro,2,8788
jiyanhong2011,Apple/苹果iPhone7Plus,222,1680
小米官方旗舰店,红米85000mAh,470,699
轻松换数码旗舰店,Apple/苹果iPhoneXS,26,5458
李小麦的店,Apple/苹果iPhone116,366,4968
七分钟年华不老,Apple/苹果iPhoneXRiphonexr,811,2780
翼天下天翼电信旗舰店,Apple/苹果iPhone11ProMAX,8,8999
中国移动手机官方旗舰店,Apple/苹果iPhone11ProMax,33,9199
hdjkgll,Apple/苹果iPhone11,257,5030
wy1689999,Apple/苹果iPhoneXS,156,3188
久汇数码专营店,Huawei/华为P20,77,1999
久汇数码专营店,Huawei/华为Mate30RS5G,52,13388
69铺小a,一加7TPro,1310,2149
商城质量,Apple/苹果iPhone8Plus,211,2260
深圳市金诚恒达科技,Apple/苹果iPhoneXSMax,144,3380
销量第一8,Apple/苹果iPhone8Plus,349,1280
小美w,Apple/苹果iPhone8Plus,905,1048
友铭数码通讯,Xiaomi/小米9Pro5g,189,2348
品牌机批发店,Xiaomi/小米CC9PRO,1371,1428
vivo官方旗舰店,vivoiQOONeo855,121,2698
vivo官方旗舰店,vivoiQOOPro,96,3198
苏宁易购官方旗舰店,vivoiQOOPro5G,919,3198
三际数码官方旗舰店,vivoiQOONeo855,127,2598
中国移动官方旗舰店,Apple/苹果iPhone11ProMax,38,8968
广东电信亿品汇专卖店,红米K20pro,82,2399
广东电信亿品汇专卖店,Huawei/华为nova5Pro,26,2499
蓝港数码专营店,Huawei/华为畅享9,2057,779
蓝港数码专营店,Huawei/华为畅享9S,550,1099
情侣专批网,Apple/苹果iPhone8Plus,954,2128
品牌机批发店,一加7proOnePlus,1209,2149
数码科技1628_1628,Apple/苹果iPhoneXSMax,232,3168
同达丰数码旗舰店,Huawei/华为nova6se,189,2199
京合旗舰店,Apple/苹果iPhone11ProMax,23,9599
华为莫问专卖店,Huawei/华为P20Prop20pro,281,2788
能良数码官方旗舰店,Apple/苹果iPhoneXS,42,5558
yuzunyi0423,Huawei/华为Mate20Pro,362,1918
鱼得水_168,Apple/苹果iPhoneXSMax,141,3098
vivo航鹰专卖店,vivoY9s,89,1998
数码科技1628_1628,Apple/苹果iPhoneXS,177,3168
华为莫问专卖店,Huawei/华为P30ProP30,51,4488
京合旗舰店,Huawei/华为nova5i,104,1799
朵唯宇钧汇专卖店,OPPO耳机,3022,489
vivo智轩优品专卖店,vivoU3xvivou3x,356,799
中宽通讯行,Huawei/华为Mate20Promate20X,483,1797
wezebaba,honor/荣耀20PRO,588,1657
友铭数码通讯,honor/荣耀V30PRO5Gv30,129,2925
龙通店,Xiaomi/小米9,727,2088
久汇数码专营店,Huawei/华为Mate20,20,2699
oppo平实专卖店,OPPOK58,41,2499
易联讯达旗舰店,Apple/苹果iPhone11ProMax,26,9399
麦克团mactuancom,Apple/苹果iPhone11,182,5050
鑫世纪88通讯专卖,Huawei/华为Mate20Pro,385,1929
小唐1688,Apple/苹果iPhone11,124,3750
最低最诚信,Apple/苹果iPhone11,389,4788
能良数码官方旗舰店,Apple/苹果iPhone7,14,2698
vivo官方旗舰店,vivoNEX,191,2698
vivo官方旗舰店,vivoZ3i,648,1198
苏宁易购官方旗舰店,Apple/苹果iPhone11Pro,633,8699
苏宁易购官方旗舰店,红米9pro,713,3799
三际数码官方旗舰店,Apple/苹果iPhoneXSMax,261,5988
三际数码官方旗舰店,vivoiQOONEO855,457,1998
中国移动官方旗舰店,红米K304G,403,1699
广东电信亿品汇专卖店,红米note8pro,496,949
广东电信亿品汇专卖店,honor/荣耀magic2,200,1638
蓝港数码专营店,honor/荣耀magic2,415,1649
京合旗舰店,honor/荣耀20PRO,22,2699
华为莫问专卖店,Huawei/华为Mate20Mate20X,31,2699
天南通讯,Apple/苹果iPhone7Plus,3217,1800
商城正品女装韩版店铺,Apple/苹果iPhone8Plus,264,2050
芬郎企业店,Apple/苹果iPhoneX,129,1980
鲁信数码科技公司,honor/荣耀V30PRO5Gv30,55,3099
京合旗舰店,honor/荣耀20i,195,1099
京联通达数码旗舰店,锤子坚果Pro3,27,2388
芬郎企业店,Apple/苹果iPhoneX,129,1980
鲁信数码科技公司,honor/荣耀V30PRO5Gv30,55,3099
京合旗舰店,honor/荣耀20i,195,1099
qq339446599,Huawei/华为P20Pro,470,1508
京联通达数码旗舰店,锤子坚果Pro3,27,2388
heatlinda,红米note8pro,3755,925
123xiaobian,Apple/苹果iPhone8Plus,131,1750
蓝港数码专营店,Huawei/华为畅享10,226,899
鱼得水_168,Apple/苹果iPhoneXSMax,141,3098
金运通,Apple/苹果iPhone11promax,111,4755
oppo平实专卖店,OPPOReno2Zopporeno2zopporeno,103,2499
好机会数码旗舰店,Huawei/华为Mate20,77,2699
oppo平实专卖店,OPPORenoopporeno,144,2499
好机会数码旗舰店,Huawei/华为nova65G,32,3199
博盛景数码专营店,Apple/苹果iPhoneXS,27,5499
vivo航鹰专卖店,vivoiQOONeo855,34,2598
亿信998,Apple/苹果iPhoneX,238,3200
君问数码官方旗舰店,Apple/苹果iPhone7,27,2688
品牌机批发店,Xiaomi/小米9pro5G,319,2428
vivo官方旗舰店,vivoNEX,191,3298
vivo官方旗舰店,vivoU3x,526,799
三际数码官方旗舰店,红米K20,332,3599
三际数码官方旗舰店,Huawei/华为nova5Pro,213,2499
中国移动官方旗舰店,Apple/苹果iPhone8Plus,42,4258
广东电信亿品汇专卖店,honor/荣耀Play3,1429,539
广东电信亿品汇专卖店,红米note7pro,524,999
icmay2012,Apple/苹果iPhone11Promax,173,3498
奔跑的猪110,Apple/苹果iPhoneX,412,2180
vivo航鹰专卖店,vivoiQOOPro,123,2898
搜酷数码专营店,Apple/苹果iPhoneXSMax,67,5999
博盛景数码专营店,Apple/苹果iPhoneXR,10,4488
天才留路221,Apple/苹果iPhoneX,37,3400
京合旗舰店,Huawei/华为mate30pro,24,5799
首佳誉数码专营店,vivoX27,364,2498
麦克团mactuancom,Apple/苹果iPhone11,182,5050
能良数码官方旗舰店,Apple/苹果iPhone11Pro,22,5288
che0923,Apple/苹果iPhoneX,528,1998
远航通讯16,Apple/苹果iPhone11ProMax,285,3598
轻松换数码旗舰店,Apple/苹果iPhoneXR,58,4268
问鼎数码专营店,realmeX2Prorealmex2pro,70,2599
博海宇通数码专营店,Huawei/华为畅享9PLUS,280,799
能良数码官方旗舰店,Apple/苹果iPhone7,14,2698
智尚通讯,Apple/苹果iPhoneXSMax,276,3100
wy1689999,Apple/苹果iPhoneXR,677,2381
oppo平实专卖店,OPPORenoopporeno,144,2499
vivo航鹰专卖店,vivoU3Xvivou3xvivox9x23vivox20u1u3vivox21vivoz5xvivoy7sy5sy93y66,496,799
vivo智轩优品专卖店,vivoZ5,89,1398
oppo平实专卖店,OPPOA11oppoa11,133,1299
京合旗舰店,Huawei/华为nova4e,101,1199
易联讯达旗舰店,Apple/苹果iPhone11,25,5399
同达丰数码旗舰店,Huawei/华为nova6se,189,2199
京联通达数码旗舰店,锤子坚果Pro3,27,2388
jiute999,Apple/苹果iPhone11,96,4998
魅族官方旗舰店,Meizu/魅族16x,1024,1098
鑫辉数码旗舰店,Apple/苹果iPhone11,9,5088
vivo官方旗舰店,vivoU3x,481,799
vivo官方旗舰店,vivoS5,44,2698
苏宁易购官方旗舰店,Apple/苹果iPhone8128G,830,3999
三际数码官方旗舰店,OPPORenoAceopporenoace,871,2999
中国移动官方旗舰店,红米Note8,664,1079
广东电信亿品汇专卖店,Huawei/华为Mate30Pro,29,5799
广东电信亿品汇专卖店,Huawei/华为P30,165,3388
能良数码官方旗舰店,Apple/苹果iPhone11Pro,22,5288
魅族官方旗舰店,Meizu/魅族16x,1024,1098
朵唯官方旗舰店,vivo华为耳机,371,688
oppo平实专卖店,OPPOA11oppoa11,133,1299
京合旗舰店,Huawei/华为nova4e,101,1199
易联讯达旗舰店,Apple/苹果iPhone11,25,5399
品牌机批发店,红米note8prose,2957,925
一朵花的记忆,Xiaomi/小米9,482,1999
jiute999,Apple/苹果iPhone11,96,4998
vivo航鹰专卖店,vivoS5,135,2698
中国电信官方旗舰店,Apple/苹果iPhone11Pro,43,7999
k4058126963,Apple/苹果iPhoneXSMax,1352,3069
给力小娘子,Apple/苹果iPhoneXR,96,3349
碧丽丝轩衣阁,Apple/苹果iPhoneXR,320,2366
鑫辉数码旗舰店,Apple/苹果iPhone11,9,5088
翼天下天翼电信旗舰店,Apple/苹果iPhoneXR,9,4399
搜酷数码专营店,Apple/苹果iPhone8Plus,62,4199
轻松换数码旗舰店,Apple/苹果iPhoneXSMax,16,5988
hanxunduke,Apple/苹果iPhone11,259,4990
品牌机批发店,honor/荣耀20pro,328,1647
云南移动官方旗舰店,Apple/苹果iPhoneXSMax,13,5799
旭远数码专营店,Huawei/华为nova5iPro,80,1799
博海宇通数码专营店,Huawei/华为畅享9S,224,819
新园通讯数码,Apple/苹果iPhone8Plus,835,1937
vivo航鹰专卖店,vivoU3Xvivou3xvivox9x23vivox20u1u3vivox21vivoz5xvivoy7sy5sy93y66,496,799
悦动数码店,一加7T,215,3209
国货平价网,Huawei/华为Mate20X,74,3094
乐自由数码专营店,Apple/苹果iPhone11Pro,8,8299
能良数码官方旗舰店,Apple/苹果iPhone8Plus,12,4288
vivo官方旗舰店,vivoS1Pro3200,96,1698
vivo官方旗舰店,vivoNEX,100,2198
三际数码官方旗舰店,红米Note8Pro,2132,1059
三际数码官方旗舰店,Apple/苹果iPhone11ProMAX,237,8858
中国移动官方旗舰店,红米K30Pro,80,2349
中国移动官方旗舰店,Apple/苹果iPhoneXR,24,4468
广东电信亿品汇专卖店,honor/荣耀NOTE10,391,1399
vivo航鹰专卖店,vivoiQOOPro5G,11,3498
数码科技1628_1628,Apple/苹果iPhone11ProMax,151,3448
子轩_果果,Apple/苹果iPhone8Plus,266,2200
oksj数码旗舰店,Huawei/华为畅享9,403,799
wezebaba,honor/荣耀magic2,243,1577
糊涂在线,Apple/苹果iPhone11ProMax,149,4958
wy1689999,Apple/苹果iPhoneXSMax,411,3188
首佳誉数码专营店,vivoX27provivox27pro,47,3298
龙通店,honor/荣耀V30Pro5Gv30,189,2968
京合旗舰店,Apple/苹果iPhone11Pro,5,8399
龙胜数码城888,honor/荣耀V20,239,1288
乐自由数码专营店,Apple/苹果iPhone11ProMAX,19,9058
宏伟信用,Apple/苹果iPhoneXRiphonexr,427,2325
启泰数码,Apple/苹果iPhone11ProMax,118,4688
深港通信专卖,Huawei/华为Mate20ProP30,536,1988
智由掌控数码旗舰店,Huawei/华为nova65G,73,3199
jiali通讯,Apple/苹果iPhone11,54,4799
京合旗舰店,Huawei/华为畅享9,182,799
小小志惠树,Apple/苹果iPhoneX,476,2150
本诚商城,Apple/苹果iPhone8Plus,301,1673
小小志惠树,Apple/苹果iPhoneX,476,2150
本诚商城,Apple/苹果iPhone8Plus,301,1673
为人民服务666,Huawei/华为Mate20Prom20X,258,2119
ttcios,Apple/苹果iPhoneXSMax,435,2820
玩风数码专营店,Apple/苹果iPhoneXR4G,10,4198
迈微数码旗舰店,Apple/苹果iPhone11ProMax,36,8899
东利数码专营店,Apple/苹果iPhone7Plus,45,2728
heatlinda,Xiaomi/小米CC9Pro,1951,2438
e_家宝贝,Apple/苹果iPhoneX,125,3388
苏宁易购官方旗舰店,红米note84800,5500,899
vivo官方旗舰店,vivoY7s,79,1598
vivo官方旗舰店,vivoU3,247,999
三际数码官方旗舰店,vivoZ5vivoz5,851,1398
三际数码官方旗舰店,OPPOReno2Zoppo,305,2299
中国移动官方旗舰店,Apple/苹果iPhoneXS,134,5558
广东电信亿品汇专卖店,Huawei/华为Mate20X,34,3218
广东电信亿品汇专卖店,Huawei/华为nova4e,246,1118
深圳一航,Huawei/华为Mate20Prop30,293,1866
heatlinda,Xiaomi/小米CC9,1243,918
龙胜数码城888,honor/荣耀V20,239,1288
土豆1号33,Apple/苹果iPhoneXSMax,255,3360
龙通店,红米note8Pro,1812,925
陈娜5218,Apple/苹果iPhone8iphone8Plus,575,2150
华为天鹰专卖店,Huawei/华为畅享9S4G,27,959
鱼得水_168,Apple/苹果iPhoneXR,374,2388
硕王唯品时代专卖店,vivo耳机,722,398
深港通信专卖,Huawei/华为Mate20X,150,3908
顺电旗舰店,Apple/苹果iPhone112019,14,5199
龙通店,红米k30pro,650,1407
赛尔丰数码专营店,vivo耳机,1292,398
oppo平实专卖店,OPPOReno2opporeno2,109,2999
梅州铭鑫通讯,honor/荣耀20pro,353,1658
玩风数码专营店,Apple/苹果iPhone84G,13,3288
oksj数码旗舰店,Huawei/华为nova4e,86,1068
翼天下天翼电信旗舰店,Apple/苹果iPhoneXSMax,8,6299
淘缘购物,Apple/苹果iPhone8Plus,161,1299
德隆数码商贸,Apple/苹果iPhone8Plus,771,1160
翼天下天翼电信旗舰店,Apple/苹果iPhoneXS,7,5499
vivo衡视专卖店,vivoiQOONeo855,44,2598
vivo航鹰专卖店,vivoZ5,63,1398
钓鱼岛就是中国领土,Apple/苹果iPhone11ProMax,188,4613
博海宇通数码专营店,honor/荣耀NOTE10,164,1259
京合旗舰店,honor/荣耀V20,96,1799
绿森数码官方旗舰店,Apple/苹果iPhoneXsMax,37,6199
搜酷数码专营店,Apple/苹果iPhone7,24,2699
华为莫问专卖店,Huawei/华为Mate30Pro5Gmate30pro5G,16,6899
yuzunyi0423,honor/荣耀20PRO,49,2100
vivo智轩优品专卖店,vivoZ5Xvivoz5x,163,1298
jiyanhong2011,Apple/苹果iPhone8Plus,54,2300
苏宁易购官方旗舰店,OPPORenoAce,1191,2999
vivo官方旗舰店,vivoS1,150,1598
vivo官方旗舰店,vivoY85,106,998
三际数码官方旗舰店,红米Note7Proredmi,1529,1099
三际数码官方旗舰店,Huawei/华为Mate20Pro,194,3999
中国移动官方旗舰店,honor/荣耀20S,308,1599
中国移动官方旗舰店,Apple/苹果iPhone7,175,2859
广东电信亿品汇专卖店,Huawei/华为Mate20Pro,53,2699
广东电信亿品汇专卖店,Huawei/华为Mate30,20,3999
龙通店,honor/荣耀20i,1281,858
深圳一航,honor/荣耀V30Pro5G,91,2959
民民服饰,Apple/苹果iPhoneX,193,3350
博海宇通数码专营店,Huawei/华为nova65G,18,3199
深圳一航,honor/荣耀V30PRO,84,2998
咪咕官方旗舰店,Huawei/华为Nova6SE,143,2199
诚亨通讯,honor/荣耀9x,603,999
只有赚1块钱,Apple/苹果iPhone8Plus,172,1998
捷路通数码专营店,vivo耳机DOOV,437,489
vivo航鹰专卖店,vivoNex35G,9,4998
最低最诚信,Apple/苹果iPhone11ProMax,253,4788
蓝港数码专营店,honor/荣耀8X,198,878
京合旗舰店,honor/荣耀8X,218,899
捷路通数码专营店,vivo耳机SAILF,2382,398
易联讯达旗舰店,Huawei/华为Mate30Pro5Gmate30pro5g,68,6399
小疯婆子1994,Apple/苹果iPhoneX,305,3200
利显科技,Apple/苹果iPhone11,108,3438
玲玲辉煌创业,Apple/苹果iPhoneXiphonex,607,1997
手机_小秘,Apple/苹果iPhone11Pro11promax,69,4797
xiangchuner001,Apple/苹果iPhone8Plus,483,2398
佳欣共创科技,一加7Tpro,329,2699
一朵花的记忆,realmeX2Pro,157,2257
sdegjo乐,Apple/苹果iPhone8Plus,157,1975
明辉手机2011,Apple/苹果iPhoneXRiphonexr,944,3465
虫马虫义数码专营店,Apple/苹果iPhone11,24,5059
能良数码官方旗舰店,Apple/苹果iPhone7Plus,27,3558
时器印象商城,OPPOK5oppok5,473,1799
aixiaosihu,OPPORenoAceopporenoace,257,2999
苏宁易购官方旗舰店,vivoiQOONeo,668,2098
苏宁易购官方旗舰店,Meizu/魅族16sPRO,461,2699
vivo官方旗舰店,vivoY93,120,999
三际数码官方旗舰店,红米K30Xiaomi,1281,1599
三际数码官方旗舰店,Huawei/华为P30,343,3388
vivo官方旗舰店,vivoY85A,40,898
中国移动官方旗舰店,Huawei/华为畅享9PLUS,1115,868
中国移动官方旗舰店,红米K20,82,2329
广东电信亿品汇专卖店,Huawei/华为Mate20X,34,3218
广东电信亿品汇专卖店,红米note8redminote8pro,286,949
龙通店,红米note8Pro,1812,925
y66613031,Apple/苹果iPhoneXSMax,163,3499
xiangchuner001,Apple/苹果iPhone8Plus,483,2398
佳欣共创科技,一加7Tpro,329,2699
一朵花的记忆,realmeX2Pro,157,2257
sdegjo乐,Apple/苹果iPhone8Plus,157,1975
明辉手机2011,Apple/苹果iPhoneXRiphonexr,944,3465
能良数码官方旗舰店,Apple/苹果iPhone7Plus,27,3558
时器印象商城,OPPOK5oppok5,473,1799
aixiaosihu,OPPORenoAceopporenoace,257,2999
vivo智轩优品专卖店,vivoX305g,61,3298
vivo衡视专卖店,vivoiQOOPro5G,23,3298
进隆数码专营店,vivo耳机DOOV,192,479
创宇嘉汇数码专营店,Xiaomi/小米CC94800,217,999
旭辰数码专营店,中兴守护宝F6S,513,388
蒙奇数码专营店,vivo华为耳机,1693,399
中国电信官方旗舰店,Apple/苹果,8,4179
硕王东鑫城专卖店,vivo耳机,2669,385
久汇数码专营店,Huawei/华为nova4,38,1549
刘萍萍188,vivoNEX3,66,3750
angel111999,Apple/苹果iPhone11Promax,185,6380
heatlinda,honor/荣耀20pro,135,1668
蘑菇家的木耳,Apple/苹果iPhone11ProMax,206,3680
tb57482009,Apple/苹果iPhoneXSMax,96,3750
虫马虫义数码专营店,Apple/苹果iPhone11,24,5059
oneplus商城,OPPORenoAceopporenoace,280,2999
品牌机批发店,红米k20pro,1002,1287
angel_纯,Apple/苹果iPhone8Plus,295,2058
深圳科硕电脑,Apple/苹果iPhoneXSMax,208,3940
璟鑫手机专营店,红米cc9,7,1389
vivo衡视专卖店,vivoX27,52,2498
苏宁易购官方旗舰店,Meizu/魅族16sPRO,461,2699
苏宁易购官方旗舰店,vivoZ5x,2349,1298
三际数码官方旗舰店,Huawei/华为P30,343,3388
vivo官方旗舰店,vivoY91,52,899
广东电信亿品汇专卖店,Apple/苹果iPhone11Pro,27,8188
广东电信亿品汇专卖店,红米K30Xiaomi,21,2199
久汇数码专营店,Xiaomi/小米CC9e,135,959
wezebaba,honor/荣耀9xPRO,809,897
博海宇通数码专营店,Huawei/华为nova5z,35,1499
gwgwwegwegwgw,Apple/苹果iPhone8Plus,321,2000
oksj数码旗舰店,honor/荣耀20Pro,26,2699
旭远数码专营店,Huawei/华为nova5i,63,1799
中电嘉信数码专营店,Huawei/华为P30,11,3388
辽宁东哲数码连锁,Huawei/华为Mate20,438,1948
tb80281453885,Huawei/华为P20,614,1558
利显科技,Apple/苹果iPhoneXSMaxiphoneXs,140,3139
龙通店,Xiaomi/小米CC9E,1173,918
方永锐,Apple/苹果iPhone8plus,203,2050
智由掌控数码旗舰店,Huawei/华为Mate30Pro5G,16,5799
首佳誉数码专营店,OPPOReno,24,1999
嘉宇金成数码专营店,中兴守护宝F6S,918,388
久汇数码专营店,honor/荣耀8X,70,869
onezero美承数码旗舰店,Apple/苹果2019,12,5499
友铭数码通讯,红米k30pro,134,1355
为人民服务666,Apple/苹果iPhone11ProMax,34,8660
蓝港数码专营店,honor/荣耀10,160,899
君问数码官方旗舰店,Apple/苹果iPhoneXS,30,5448
君问数码官方旗舰店,Apple/苹果iPhone7Plus,13,3428
绝对诚信qq464547963,honor/荣耀magic2,362,1578
腾飞新生活,Apple/苹果iPhone8Plus,382,2400
wezebaba,honor/荣耀NOTE10,429,1418
苏苏通讯,Huawei/华为Mate20ProUD,155,1797
人生赢家2018,Apple/苹果iPhone8Plus,146,1868
朗朗电玩,Apple/苹果iPhone11ProMax,128,7880
京合旗舰店,Huawei/华为畅享9PLUS,109,1199
wy1689999,Apple/苹果iPhone11,90,3436
绝对诚信qq464547963,Xiaomi/小米MIX3,357,1688
苏宁易购官方旗舰店,realme真我X,504,1299
苏宁易购官方旗舰店,OPPOReno3Pro,452,3999
中国移动官方旗舰店,红米note8,216,1079
广东电信亿品汇专卖店,Huawei/华为Mate30,17,4999
oksj数码旗舰店,honor/荣耀20i,140,999
久汇数码专营店,Xiaomi/小米CC9,41,1399
babala卓越行,Apple/苹果iPhone11proMax,80,3398
白开水的点燃方式,Meizu/魅族16x,711,988
创汇通达数码旗舰店,Apple/苹果iPhone11ProMax,7,8988
懒布衣,Apple/苹果iPhoneXSMax,178,3100
vivo衡视专卖店,vivoZ5Xvivoz5x,41,1298
小轩轩2008002,Apple/苹果iPhone11,155,4888
龙胜数码城888,honor/荣耀20Pro,107,1488
zhuxiaoming1113,Apple/苹果iPhoneXR,68,4000
恒正科技数码,vivoiQOOPro,77,2528
旭日远航数码专营店,Apple/苹果iPhone7Plus,28,2758
一朵花的记忆,红米k30,172,1447
蓝港数码专营店,Huawei/华为Mate30pro,24,5799
朵唯官方旗舰店,vivo华为耳机,1206,399
会耍赖的猫888,Apple/苹果iPhone7Plus,309,1500
wilsonyi,Apple/苹果iPhone11ProMax,163,7190
qal925,Apple/苹果iPhone8Plus,42,2130
yahya_1985,Apple/苹果iPhone8Plus,249,1900
vivo智轩优品专卖店,vivoiQOONeo855,21,1998
卓瓦数码专营店,Apple/苹果iPhoneXS,10,5459
高海彬2014,Huawei/华为Mate20,121,1560
69铺小a,一加7pro1,475,2149
新茂数码,Huawei/华为P20Pro,374,1518
白开水的点燃方式,honor/荣耀9xpro,1226,957
梅州铭鑫通讯,红米pro,90,1408
问鼎数码专营店,realmeQrealmeq,219,948
虫马虫义数码专营店,Apple/苹果iPhoneXs,15,5399
千瑞宏达手机专营店,Huawei/华为nova5Pro,20,2299
创宇嘉汇数码专营店,红米note8pro,306,969
静房王树楷,Apple/苹果iPhoneXSMax,159,5030
品牌机批发店,honor/荣耀V20,364,1197
京合旗舰店,Huawei/华为nova5,22,2599
苏宁易购官方旗舰店,Apple/苹果iPhone8Plus64G,934,4388
苏宁易购官方旗舰店,Apple/苹果iPhone8Plus,708,4449
三际数码官方旗舰店,Huawei/华为P30Pro,398,4488
三际数码官方旗舰店,vivoiQOOProiqooprovivoiqoopro,166,2898
中国移动官方旗舰店,vivoiQOONEO855,114,1998
广东电信亿品汇专卖店,Huawei/华为nova4,64,1118
广东电信亿品汇专卖店,Huawei/华为畅享10plus,160,1088
乐自由数码专营店,Apple/苹果iPhone7Plus,40,2858
进隆数码专营店,vivo耳机SAILF,159,388
阿凡提商城,Meizu/魅族16T,216,1978
凯蒂猫工厂,Apple/苹果iPhone8Plus,600,1090
友铭数码通讯,honor/荣耀V20,184,1258
新园通讯数码,Apple/苹果iPhone11ProMax,51,3480
vivo航鹰专卖店,vivoY7s,48,1598
白开水的点燃方式,红米cc9pro,177,2488
财运轩企业,Apple/苹果iPhone8Plus,360,1500
vivo衡视专卖店,vivoiQOO,25,2098
雅岛服饰,Apple/苹果iPhone8Plus,1331,1048
中宽通讯行,honor/荣耀V20,150,1737
新西兰小镇特卡波,Apple/苹果iPhone8Plus,197,2080
oppo手机总经销,OPPORenoAce,30,2899
赛尔丰数码专营店,vivo耳机Hoswn,542,398
众合数码高手,Huawei/华为Mate20Pro6G,190,2990
冠晨伟业数码专营店,Huawei/华为畅享9PLUS,154,949
博海宇通数码专营店,Huawei/华为畅享10Plus,97,1299
一朵花的记忆,honor/荣耀20pro,105,1678
一朵花的记忆,honor/荣耀9xPro,670,899
才发现永远太近,honor/荣耀V305G,79,2885
hdjkgll,Apple/苹果iPhone11ProMax,113,7860
京合旗舰店,Huawei/华为畅享9S,72,1099
首佳誉数码专营店,vivoZ3,289,1148
绝对诚信qq464547963,红米k30pro,43,1528
jj.shen,Apple/苹果iPhone11ProMax,158,4608
hbf432,Huawei/华为P20Pro,217,1445
鑫世纪88通讯专卖,Apple/苹果iPhone11ProMax,49,5029
中创青云数码专营店,Huawei/华为畅享9S,57,899
fashioncases2,Apple/苹果iPhone7Plus,647,1680
钓鱼岛就是中国领土,Apple/苹果iPhoneXRxr6,149,2524
久汇数码专营店,Huawei/华为畅享max,72,999
苏宁易购官方旗舰店,vivoZ5,1422,1398
苏宁易购官方旗舰店,honor/荣耀8X,1756,999
三际数码官方旗舰店,Apple/苹果iPhone7Plus,274,3488
三际数码官方旗舰店,红米K20,640,999
中国移动官方旗舰店,Huawei/华为Nova4,385,1198
中国移动官方旗舰店,Apple/苹果iPhone11Pro,37,8258
广东电信亿品汇专卖店,honor/荣耀8X,157,899
广东电信亿品汇专卖店,Apple/苹果iPhone11ProMAX,41,8998
冠晨伟业数码专营店,Huawei/华为畅享10,86,1199
新园通讯数码,Apple/苹果iPhoneXSMaxiPhonexs,215,3138
为人民服务668,Huawei/华为Mate20X,88,2949
千瑞宏达手机专营店,Huawei/华为畅享10Plus,12,1499
回忆是条狗,honor/荣耀V20,24,1668
fasonli,Apple/苹果iPhoneX,78,2200
vivo智轩优品专卖店,vivoiqoopro,34,3498
赵小小配件商城,Huawei/华为Mate20X,72,2399
雨泽2709,Apple/苹果iPhoneXSMax,162,4600
oksj数码旗舰店,Huawei/华为畅享9PLUS,52,788
oppo手机总代理,OPPORenoAce,407,2999
heatlinda,Xiaomi/小米9,391,2088
久汇数码专营店,honor/荣耀10GT,78,1429
京合旗舰店,honor/荣耀10,157,1099
绝对诚信qq464547963,Meizu/魅族16thPlus,371,1488
vivo航鹰专卖店,vivoiQOONeo855vivoiqooneoiqooneovivoiqooiq00vivoiq,18,2198
君问数码官方旗舰店,锤子坚果Pro3,36,2699
yangwenchao495807607,Apple/苹果iPhone11,71,5010
达诚数码商城,Apple/苹果iPhone11Promax,106,3354
东利数码专营店,Apple/苹果iPhoneXSMax,7,5868
久汇数码专营店,Huawei/华为Mate305G,44,4999
搜酷数码专营店,Apple/苹果iPhone11,13,5059
李小麦的店,Apple/苹果iPhoneXSMaxiPhone11ProMax,74,4988
品牌机批发店,红米Note7Pro,835,799
东利数码专营店,Apple/苹果iPhone11,19,5058
德胜宝数码专营店,Huawei/华为nova5Pro,89,2499
划地球,honor/荣耀V20,76,1499
非常手机,Apple/苹果iPhone11,88,3777
友铭数码通讯,Xiaomi/小米CC9Pro,345,1395
佳欣共创科技,Apple/苹果iPhone11Pro,49,4699
华为莫问专卖店,Huawei/华为Mate30Mate30Pro,22,3999
oppo平实专卖店,OPPOA11xoppoa11x,23,1799
苏宁易购官方旗舰店,锤子坚果Pro3855Plus,1021,2399
苏宁易购官方旗舰店,vivoX30Pro,671,3998
三际数码官方旗舰店,vivoX30Pro5g,117,3998
三际数码官方旗舰店,红米8ARedmi8A,1322,659
中国移动官方旗舰店,Huawei/华为畅享9,522,748
广东电信亿品汇专卖店,Huawei/华为nova5i,49,1799
广东电信亿品汇专卖店,Xiaomi/小米9,29,2599
久汇数码专营店,Huawei/华为畅享10,304,798
久汇数码专营店,Huawei/华为Mate30Pro5G,21,6399
梅州铭鑫通讯,honor/荣耀9XPRO,532,899
冠晨伟业数码专营店,honor/荣耀10GT,96,1388
绝对诚信qq464547963,Meizu/魅族16T,335,1968
ygsd,Apple/苹果iPhone11ProMax,164,5268
博盛景数码专营店,Apple/苹果iPhone11Pro,6,8688
一朵花的记忆,Xiaomi/小米CC9E,669,918
友铭数码通讯,honor/荣耀V30PROv20v30,54,2912
鑫世纪88通讯专卖,Apple/苹果iPhone11,53,5029
顺电旗舰店,一加7TPro2K,20,4599
oppo平实专卖店,OPPOA8oppoa8,34,1199
好机会数码旗舰店,Huawei/华为Mate30Pro5Gmate30pro5G,24,6399
雷优ly,Apple/苹果iPhone11ProMaX,43,3599
faithful1993,Apple/苹果iPhone11Pro,59,7250
绝对诚信qq464547963,Meizu/魅族魅族16sPro,257,2588
小虎你在,Apple/苹果iPhoneXRiPhoneXSMax,1305,1450
付爱萍1,Apple/苹果iPhoneXSMax,194,2592
一朵花的记忆,红米k20pro,427,1308
热图数码专营店,Apple/苹果iPhoneXR4G,13,4318
tcxzw,一加7PROOnePlus,33,2573
京成数码商贸,Huawei/华为Mate20Pro,308,2399
ben6780,honor/荣耀20,232,1288
友铭数码通讯,honor/荣耀magic2,202,1428
启泰数码,Apple/苹果iPhone8Plus,162,1588
腾飞新生活,Apple/苹果iPhoneX,140,3200
古龙圣宝,Apple/苹果iPhone11ProMaxiPhone11,113,7388
付爱萍1,Apple/苹果iPhoneXR,1260,2592
vivo衡视专卖店,vivoU3x,237,799
朵儿妈的生活,Apple/苹果iPhoneXSMax,109,4350
苏宁易购官方旗舰店,realme真我X2,967,1299
苏宁易购官方旗舰店,honor/荣耀10,2216,899
三际数码官方旗舰店,OPPOA11oppoa11,481,1299
中国移动官方旗舰店,Huawei/华为Nova4,385,1198
广东电信亿品汇专卖店,Huawei/华为Mate20,21,2699
久汇数码专营店,Huawei/华为Nova6SE,19,2199
一朵花的记忆,红米note8prok20,492,938
鱼水源企业店,Apple/苹果iPhone8,75,2475
品牌机批发店,一加7TPro,340,1719
首佳誉数码专营店,vivoY9s,22,1998
开phom府,Apple/苹果iPhone11ProMax,66,4553
wywy12332122,Apple/苹果iPhoneXSmax,72,3500
硕王鑫基汇专卖店,vivo小米鼠oppo,400,398
新松联手机专营店,honor/荣耀Magic2,8,2399
chenghong301314,红米k30pro,225,1349
付爱萍1,Apple/苹果iPhoneXSMax,194,2592
优一贸易,Apple/苹果iPhoneXSMaxiphonexs,89,4600
友铭数码通讯,honor/荣耀magic2,202,1428
儒涵数码专营店,Huawei/华为Mate30,30,4999
博海宇通数码专营店,Huawei/华为nova6SE,6,2199
方永锐,Apple/苹果iPhoneXR,173,2650
国货平价网,Huawei/华为Mate20,57,1956
亚克西么8,Apple/苹果iPhone8Plus,97,1588
手机_小秘,Huawei/华为Mate2020XP20pro,155,1967
佳欣共创科技,Apple/苹果iPhone11ProMax,117,5129
友铭数码通讯,红米k30pro,81,1365
诚亨通讯,honor/荣耀20S,222,1099
深圳一航,honor/荣耀20i,437,689
梅州铭鑫通讯,honor/荣耀Play3,1147,519
佳欣共创科技,Apple/苹果iPhone11ProMax,117,5129
chenghong301314,红米k30pro,225,1349
苏宁易购官方旗舰店,Meizu/魅族16t,295,2299
三际数码官方旗舰店,红米note8,1357,999
中国移动官方旗舰店,Xiaomi/小米CC9,79,1399
广东电信亿品汇专卖店,Xiaomi/小米max3,203,999
广东电信亿品汇专卖店,Huawei/华为Mate30Pro5G,8,6399
久汇数码专营店,Huawei/华为Nova6SE,19,2199
久汇数码专营店,Meizu/魅族16thPlus,39,1788
深圳一航,honor/荣耀20i,437,689
龙通店,honor/荣耀Play3,843,517
kobe_wwh,Apple/苹果iPhone11ProMax,46,4740
奥莱章华数码专营店,Huawei/华为nova5i,55,1799
旺盈数码城,Huawei/华为Mate20,113,1500
wezebaba,honor/荣耀20S,301,999
港柏数码,一加一加61,449,1424
罪人宝宝08,Apple/苹果iPhone11ProMax,98,3345
oksj数码旗舰店,Huawei/华为Mate20X,5,3098
搜酷数码专营店,Apple/苹果iPhone8,42,3289
世光创展数码专营店,中兴守护宝F6S,359,388
首佳誉数码专营店,vivoiQOONeo855vivoiqooneo855,29,1998
vivo航鹰专卖店,vivoNEX3,3,4498
我想买qq2008,Apple/苹果iPhone11ProMaxiPhoneXS,39,4500
龙通店,honor/荣耀Play3,843,517
鱼得水_168,Apple/苹果iPhone11,45,3436
zhuxiaoming1113,Apple/苹果iPhoneX,26,3613
智尚通讯,Apple/苹果iPhoneX,67,2000
麦蒂vss科比,Apple/苹果iPhone11,58,3650
苏宁易购官方旗舰店,红米8A,5000,599
苏宁易购官方旗舰店,Huawei/华为nova4eAI,1845,1149
三际数码官方旗舰店,红米note8,1357,999
中国移动官方旗舰店,vivoNEX35G,23,4998
中国移动官方旗舰店,honor/荣耀20i,335,1099
广东电信亿品汇专卖店,Huawei/华为Mate20X5G,8,4899
广东电信亿品汇专卖店,红米note8pro,161,1029
久汇数码专营店,Huawei/华为nova5Pro,19,2499
首佳誉数码专营店,vivoY7s,43,1598
旭远数码专营店,Huawei/华为nova5nova5pro,10,2599
搜酷数码专营店,Apple/苹果iPhone8,42,3289
jj.shen,Apple/苹果iPhone11,50,4598
手机_小秘,honor/荣耀V30Pro5Gv305G,35,3128
土木良品店铺,Apple/苹果iPhone11ProMax,107,4620
首佳誉数码专营店,vivoS5,23,2698
豪迈专柜正品,Apple/苹果iPhoneXR,57,1980
梅州铭鑫通讯,honor/荣耀Play3,1147,519
光辉谜魄,Apple/苹果iPhoneXiphonex,344,3450
中国华南服饰,Apple/苹果iPhoneXRiphonexs,175,1300
豪迈专柜正品,Apple/苹果iPhoneXR,57,1980
梅州铭鑫通讯,honor/荣耀Play3,1147,519
光辉谜魄,Apple/苹果iPhoneXiphonex,344,3450
中国华南服饰,Apple/苹果iPhoneXRiphonexs,175,1300
wezebaba,honor/荣耀Magic2,128,1578
有佳服装店,Apple/苹果iPhone8Plus,550,2040
y66613031,Apple/苹果iPhoneXR11XRiphonexrXSMAX,213,2599
柏鑫安防监控,Apple/苹果iPhoneXSMax,268,2000
旺盈数码城,Huawei/华为P20Pro,129,1748
oppo平实专卖店,OPPOA91,7,1999
鱼水源企业店,Apple/苹果iPhone11,25,4752
旭远数码专营店,Huawei/华为nova4e,166,1099
shanwenjian2009,Apple/苹果iPhone8Plus,67,1588
苏宁易购官方旗舰店,vivoU3x,2787,799
苏宁易购官方旗舰店,Huawei/华为畅享MAX,0,1099
三际数码官方旗舰店,Huawei/华为nova6SEnova6se,80,2199
三际数码官方旗舰店,Huawei/华为nova5iPronova5ipro,109,1799
中国移动官方旗舰店,honor/荣耀20i,335,1099
广东电信亿品汇专卖店,Huawei/华为nova5iPronova5ipro,79,1799
首佳誉数码专营店,OPPOA11,55,1299
治辰腾远,vivoNEX35G,64,3858
创意想象,Huawei/华为nova3,193,1197
首佳誉数码专营店,vivoX30Provivox30pro5g,9,3998
heatlinda,honor/荣耀9Xpro,426,898
sdegjo乐,Apple/苹果iPhoneX,133,2600
zhanchao14214353,Apple/苹果iPhone11,114,3522
vivo智轩优品专卖店,vivoX30Provivox30pro5g,41,3998
zhanchao14214353,Apple/苹果iPhone11,114,3522
vivo智轩优品专卖店,vivoX30Provivox30pro5g,41,3998
沃晟智能设备专营店,锤子坚果3,90,2399
静房王树楷,Apple/苹果iPhoneXR,87,3870
白开水的点燃方式,Meizu/魅族16T,191,1999
新联智尚数码旗舰店,Apple/苹果11iPhone11Proiphone11pro4G,5,8259
博海宇通数码专营店,honor/荣耀10,107,858
京成数码商贸,honor/荣耀V30PRO5G,7,3168
深圳市莱茵雅服饰有限公司,Apple/苹果iPhone7Plus,45,1680
鲁信数码科技公司,honor/荣耀20pro,42,1499
宝海天数码旗舰店,Apple/苹果iPhone11,19,5259
众合数码高手,Huawei/华为Mate20,85,1870
zhangliang135178,Apple/苹果iPhone11ProMax,50,3492
新松联手机专营店,Apple/苹果iPhone7Plus,7,3388
给力小娘子,Apple/苹果iPhoneXS,22,4246
友铭数码通讯,红米note8pro,166,778
华为莫问专卖店,Huawei/华为Mate30,12,3999
绝对诚信qq464547963,honor/荣耀9xpro,331,848
三际数码官方旗舰店,红米Note8pro,163,1399
中国移动官方旗舰店,红米k30Pro,0,1699
主流丽人,Apple/苹果iPhoneXSMax,58,2100
jiali通讯,Apple/苹果iPhoneXSMax,22,4899
mm多玛妮,Apple/苹果iPhoneX,555,3600
朵唯官方旗舰店,vivo华为耳机,1266,199
翼天下天翼电信旗舰店,Apple/苹果iPhone8,4,3338
博海宇通数码专营店,Huawei/华为nova5Pro,4,2499
广东电信亿品汇专卖店,Huawei/华为nova5z,14,1499
博海宇通数码专营店,honor/荣耀NOTE10,18,1449
首佳誉数码专营店,vivoiQOO,27,2098
格格乌托邦,Apple/苹果iPhone11ProMax,80,5018
oppo平实专卖店,OPPOReno10,22,3699
华为莫问专卖店,Huawei/华为Mate305Gmate30pro5G,8,4999
chenghong301314,honor/荣耀20S20i,230,918
天逸数码1688,honor/荣耀V20,21,1258
朵唯官方旗舰店,vivo华为耳机,379,299
vivo航鹰专卖店,vivoU3vivou3vivou3xu1x21vivoy7sy3x9z3z5z5xy66vovi,67,999
有话好说liu,红米note7pro,502,747
whgdm11,Apple/苹果iPhone11ProMaxiPhone11,35,7396
vivo航鹰专卖店,vivoX27,15,2498
zhuxiaoming1113,Apple/苹果iPhone8Plus,33,2750
tb0007007_2012,Apple/苹果iPhone11ProMax,55,4959
赵小小配件商城,Huawei/华为Mate20,41,1600
tb7002500_2011,Apple/苹果iPhone8Plus,1139,1450
久汇数码专营店,红米K305G,12,1599
苏宁易购官方旗舰店,vivoNEX3,50,4498
苏宁易购官方旗舰店,vivoiQOOPro,220,3198
三际数码官方旗舰店,红米8,1012,679
三际数码官方旗舰店,Apple/苹果iPhone8Plus4G,50,4199
中国移动官方旗舰店,vivoiQOOPro4G,10,2698
裙子也疯狂,Apple/苹果iPhoneXSMaxiPhoneXS,61,5365
一朵花的记忆,honor/荣耀V30,47,3137
八联星数码专营店,Huawei/华为Mate20,31,2899
绝对诚信qq464547963,Huawei/华为Mate20pro,277,1798
oksj数码旗舰店,Huawei/华为P30,21,3388
御猫科技88,Huawei/华为mate10pro,126,1240
大城市通讯,Apple/苹果iPhone8Plus,31,4500
oksj数码旗舰店,honor/荣耀Magic2,11,1699
洋帆数码,Apple/苹果iPhone116,23,4993
优易展888,Apple/苹果iPhone11ProMax,74,4980
给力不坑爹,红米8a,2806,468
佳佳购数码专营店,vivo荣耀oppo,89,449
tb9173203_00,Apple/苹果iPhone8,121,2100
wezebaba,honor/荣耀20pro,137,1769
秦彤彤2013,Apple/苹果iPhone11ProMaxiphone11,36,7288
冠晨伟业数码专营店,Huawei/华为Mate10Pro,37,1849
华为莫问专卖店,Huawei/华为nova5znova5z,57,1699
恒正科技数码,vivoiQOO,45,1898
鱼水源企业店,Apple/苹果iPhoneXR,53,2821
nyamly,Apple/苹果iPhoneX,92,2822
狗子数码,Apple/苹果iPhone112019,32,4699
woaichenheng99,Apple/苹果iPhone11ProMax,24,4599
杨志浩wxh8,Apple/苹果iPhoneXiphonex,60,2780
久汇数码专营店,Huawei/华为Mate20Pro,3,3999
华为莫问专卖店,Huawei/华为畅享9PLUS,46,1088
首佳誉数码专营店,vivoZ5x,35,1298
苏宁易购官方旗舰店,Huawei/华为nova5iPro,285,2099
苏宁易购官方旗舰店,realme真我官方旗舰realme,0,99999
三际数码官方旗舰店,vivoz5x,389,1298
三际数码官方旗舰店,Huawei/华为畅享9,509,788
中国移动官方旗舰店,红米8A,813,559
盈利通贸易有限公司,Apple/苹果iPhoneXSMax,38,4640
喜洋洋工作屋,Apple/苹果iPhone7iPhone7Plus,400,2070
云南移动官方旗舰店,Apple/苹果iPhone7Plus,16,3459
博海宇通数码专营店,Huawei/华为畅享8e,88,439
晨曦爱森林浴,Apple/苹果iPhone8Plus,83,2100
舞夜友明工作室,Apple/苹果iPhoneXSMax,372,1700
久汇数码专营店,Huawei/华为Mate106G,20,1498
京合旗舰店,honor/荣耀Play3,34,799
feng574814236,Apple/苹果iPhoneXSMax,54,5170
李小麦的店,Apple/苹果iPhone8PlusiPhone88plus,24,3198
久汇数码专营店,Huawei/华为畅享9PLUS,36,798
oksj数码旗舰店,Huawei/华为P20Pro,25,2758
yxc18948999838,Apple/苹果iPhone11ProMax,27,4630
vivo衡视专卖店,vivoS1,7,1898
金万吉数码专营店,锤子全网通坚果R1Pro2s,41,2399
wh80008,Apple/苹果iPhoneXSMaxXS,78,3465
首佳誉数码专营店,OPPOReno3pro,2,3999
xxzlynlcj555,Apple/苹果iPhone7Plus,564,1900
首佳誉数码专营店,OPPORenoAce,39,2799
有话好说liu,honor/荣耀9XPRO,85,828
感觉自己萌萌168,Huawei/华为P10Plus4G,399,794
启泰数码,Apple/苹果iPhone8,184,1588
新松联手机专营店,红米note8pro6400,16,1299
三际数码官方旗舰店,Huawei/华为nova4,128,1628
三际数码官方旗舰店,红米note7pro8plus9,666,999
中国移动官方旗舰店,Xiaomi/小米9,28,2499
佳欣共创科技,一加7TPro,65,2699
开phom府,Apple/苹果iPhone116,22,3316
广东电信亿品汇专卖店,Huawei/华为畅享10s,12,988
广东电信亿品汇专卖店,Huawei/华为P30Pro,6,4488
李小麦的店,Apple/苹果iPhoneXR6,51,3788
tb80281453885,Huawei/华为Mate20,195,1908
长沙启点通讯,Apple/苹果iPhone11,64,4750
chenghong301314,vivoZ5X,369,849
xieduqing,Apple/苹果iPhoneX,20,3499
zxf13526638734,Huawei/华为Mate20Pro,40,1874
诚信实拍数码,honor/荣耀V30PRO,42,2995
90后梦想店铺,Apple/苹果iPhone7Plus,1849,1880
蓝港数码专营店,Huawei/华为nova55i,3,2799
xiepeisheng731,Apple/苹果iPhone8Plus,27,2130
vivo航鹰专卖店,vivoU3xvivou3x,19,799
嘉年商业,Apple/苹果iPhoneXSMax,54,3118
京合旗舰店,Huawei/华为畅享10s,7,1499
贝之心数码专营店,中兴守护宝F6S,354,388
有话好说liu,Xiaomi/小米RedmiK30,47,1278
judy卓提,Apple/苹果iPhoneXSMax,483,1450
vivo衡视专卖店,vivoiQOONeo,6,2298
最低最诚信,Apple/苹果iPhoneXS,42,5308
vivo智轩优品专卖店,vivo新款vivoS5,6,2698
韩潮风时尚服饰,Apple/苹果iPhone8Plus,35,1048
小小团队1,Apple/苹果iPhone8iPhone8plus,166,1170
wezebaba,一加7TPro,484,1719
苏宁易购官方旗舰店,Huawei/华为nova5,101,2599
三际数码官方旗舰店,Apple/苹果iPhoneXS4G,48,5498
三际数码官方旗舰店,红米K20Pro,175,2599
中国移动官方旗舰店,honor/荣耀畅玩8C,241,739
龙通店,红米8a,814,528
庆合家居,Apple/苹果iPhoneXSMax,270,1440
小乔淘淘购,Huawei/华为P20pro,95,1188
tangchaoshan1006,Apple/苹果iPhone11,110,3398
深圳标宇通讯,Apple/苹果iPhone8Plus,172,1588
久汇数码专营店,Huawei/华为nova3i,64,1098
包邮吗亲88,Apple/苹果iPhoneXSMax,71,4500
yuzunyi0423,Xiaomi/小米CC9PRO,28,2438
oksj数码旗舰店,honor/荣耀20,18,2099
chenghong301314,红米note8pro,543,899
发远科技,Apple/苹果iPhoneX,171,2811
oksj数码旗舰店,Huawei/华为Mate30RS5G,3,13288
我的百分之一女生店,Apple/苹果iPhone8Plus,526,2050
vivo智轩优品专卖店,vivo新款vivoU3u3,27,999
朗朗电玩,Apple/苹果iPhoneXSMaxiPhone11ProMax,20,5350
chenghong301314,honor/荣耀9xpro,181,948
旺盈数码城,honor/荣耀V10,299,800
韩潮男装潮流服饰,Apple/苹果iPhoneXR,63,1588
mrmaccn,Apple/苹果iPhone116,23,5110
wezebaba,Xiaomi/小米黑鲨游戏2Pro,610,689
欢乐购6699,Apple/苹果iPhone7Plus,105,1550
品牌机批发店,honor/荣耀9XPRO,264,847
墨白数码专营店,realmeqrealmeq,98,1098
鲁信数码科技公司,Huawei/华为Mate20X,66,1929
babala卓越行,Apple/苹果iPhone11ProMax,13,3398
yxc18948999838,Apple/苹果iPhone11,21,3378
苏宁易购官方旗舰店,vivoNEX35G,254,4998
三际数码官方旗舰店,红米k305GSA,1,1999
中国移动官方旗舰店,honor/荣耀8Xmax,102,1299
中国移动官方旗舰店,vivoZ5,61,1398
久汇数码专营店,Huawei/华为畅享8e4G,46,459
郑志浩zzh9,Apple/苹果iPhone7Plus,111,2050
捷信时代数码专营店,vivo耳机DOOV,236,489
白开水的点燃方式,Xiaomi/小米黑鲨游戏2Pro,605,689
小城大爱a,锤子坚果Pro3,118,1779
划地球,honor/荣耀magic2,41,1599
创起数码专营店,Huawei/华为Mate20,13,2699
博海宇通数码专营店,Huawei/华为nova5iPro,15,1799
京成数码商贸,Huawei/华为Mate20X4G,64,2918
好机会数码旗舰店,Huawei/华为Mate20Pro,16,3999
海洋之家218,Apple/苹果iPhone11Promax,16,4499
wh80008,Apple/苹果iPhoneXR,59,2623
yuzunyi0423,honor/荣耀V30PROv20v30,14,2918
深圳一航,honor/荣耀20,115,798
数码科技1628_1628,Apple/苹果iPhone8Plus,74,1838
凌志手机连锁旗舰店,Apple/苹果iPhone11,10,5899
wayen辉,Apple/苹果iPhone11,38,3448
裙子也疯狂,Apple/苹果iPhone11,37,5128
hongkong1658,Apple/苹果iPhoneX,89,2880
nicemblem,Apple/苹果iPhone116,38,4588
梅州铭鑫通讯,Xiaomi/小米9,44,1998
罗杨晓菲,honor/荣耀play,75,3280
京合旗舰店,honor/荣耀9XPRO,15,1999
oppo平实专卖店,OPPOA5oppoa5,71,699
程峰拓,honor/荣耀play,363,950
华为莫问专卖店,Huawei/华为畅享10Plus,31,1088
有话好说liu,Xiaomi/小米RedmiK30,47,1278
久汇数码专营店,Huawei/华为麦芒7,34,1048
jiali通讯,Apple/苹果iPhoneX,31,3599
苏宁易购官方旗舰店,OPPORenoAce,195,3599
苏宁易购官方旗舰店,OPPORenoAce,195,3599
三际数码官方旗舰店,vivoS5vivos5s5vivox27iqoonex35gvivos1pro,64,2698
三际数码官方旗舰店,Huawei/华为Mate20,32,2699
中国移动官方旗舰店,红米note8,113,959
博海宇通数码专营店,红米k30pro,13,2799
jiali通讯,Apple/苹果iPhoneX,31,3599
qq50992090,Huawei/华为畅享7s,397,595
wfgjyjw,Apple/苹果iPhoneXR,85,1450
治辰腾远,vivoNEX,105,2688
heatlinda,honor/荣耀20,85,817
华为莫问专卖店,Huawei/华为nova5iPronova5ipro,9,2099
久汇数码专营店,Huawei/华为nova3128G,22,1049
芬郎企业店,Apple/苹果iPhoneX,258,1980
蒙帝鸿运数码专营店,中兴守护宝L6,531,199
划地球,honor/荣耀20S,79,1399
哈尔滨交易,Apple/苹果iPhone11,28,5080
che0923,Apple/苹果iPhone8Plus,204,1998
oksj数码旗舰店,honor/荣耀9XPRO,11,1999
淘货专柜8,Apple/苹果iPhoneXRiphonexr,73,2200
hanxunduke,Apple/苹果iPhone11ProMax,48,8649
京成数码商贸,Huawei/华为Mate20,93,1888
广东电信亿品汇专卖店,红米8redmi8,36,699
一朵花的记忆,honor/荣耀20S,173,1068
华夏数码科技有限公司,Apple/苹果iPhoneXR,40,4599
苏宁易购官方旗舰店,OPPOK3,647,1799
苏宁易购官方旗舰店,红米7A,3342,479
三际数码官方旗舰店,红米note8pro,245,1199
三际数码官方旗舰店,红米note7pro,499,1039
博海宇通数码专营店,Huawei/华为畅享10,13,1199
久汇数码专营店,Huawei/华为Mate106G,4,1499
鱼水源企业店,Apple/苹果iPhoneXR,53,2821
御猫科技88,honor/荣耀10GT,216,1030
友铭数码通讯,一加HD19001,211,2088
嘉宇金成数码专营店,中兴守护宝L105,4960,69
天逸数码1688,honor/荣耀V10,166,908
华为莫问专卖店,Huawei/华为nova5nova5pro,4,2599
诚亨通讯,vivoU3x,333,668
一朵花的记忆,红米8a,728,528
华为天鹰专卖店,Huawei/华为畅享9e,13,679
oppo平实专卖店,OPPOA9oppoa9,3,1499
京成数码商贸,honor/荣耀V30Pro,1,3168
苹果配件2013,Apple/苹果iPhone11,38,3562
首佳誉数码专营店,vivoiQOOPro5G,37,3498
heatlinda,红米8a,786,528
vivo航鹰专卖店,vivoU3vivou3vivou3xu1x9x21x20plusy97y85y66,13,999
首佳誉数码专营店,vivoiQOOPro5G,37,3498
heatlinda,红米8a,786,528
vivo航鹰专卖店,vivoU3vivou3vivou3xu1x9x21x20plusy97y85y66,13,999
微笑迷梦56118484,Apple/苹果iPhone8,58,1568
小乔淘淘购,Huawei/华为Mate10pro,140,1068
李小麦的店,Apple/苹果iPhone7Plus7,20,2698
hbf432,Huawei/华为Mate20,45,1870
诚亨通讯,vivoU3x,333,668
jiali通讯,Apple/苹果iPhoneXS,30,4199
诚亨通讯,红米K30,168,1399
苏宁易购官方旗舰店,vivoiQOO,286,2098
苏宁易购官方旗舰店,vivoiQOOPro,22,2898
三际数码官方旗舰店,Apple/苹果iPhone84G,6,3588
三际数码官方旗舰店,OPPOReno2,90,2999
中国移动官方旗舰店,vivoz5x,32,1198
中国移动官方旗舰店,honor/荣耀畅玩8A,219,599
wezebaba,一加7pro,235,1719
庆合家居,Apple/苹果iPhoneXSMax,516,1440
zxsgtc,Apple/苹果iPhone11ProMax,16,7980
vivo智轩优品专卖店,vivoZ5x,23,1298
hanjbo,honor/荣耀20S,34,1187
启航数码007,Apple/苹果iPhoneXRiPhoneXSMAX,30,2550
才发现永远太近,Huawei/华为Mate20,74,1886
猎人丁,Apple/苹果iPhoneX,27,2000
华奥通讯bj,Huawei/华为Mate20Pro,61,1498
诚亨通讯,honor/荣耀V30Pro5G5g,6,3069
oksj数码旗舰店,Huawei/华为畅享10plus,7,1199
守护宝旗舰店,中兴K199,199,299
oppo平实专卖店,OPPORenoAce,11,3799
oksj数码旗舰店,Huawei/华为Mate106G,4,1488
vivo衡视专卖店,vivoU3x,19,799
福纪幸福魔方,Apple/苹果iPhone11ProMax,54,5590
悦动数码店,一加7tPro,36,4419
蘑菇家的木耳,Apple/苹果iPhoneXSMax,46,2740
硕王东鑫城专卖店,vivo小米鼠oppo,99,385
新松联手机专营店,Huawei/华为畅享9S,19,998
嘉年商业,Apple/苹果iPhoneXR,89,2368
创意想象,Huawei/华为mate10pro,67,1239
绝对诚信qq464547963,红米note8pro30,37,897
shop138,vivoNEX35G,79,3717
有话好说liu,vivoZ5X,322,858
三际数码官方旗舰店,Huawei/华为P30Pro,42,4488
中国移动官方旗舰店,Huawei/华为畅享MAX,105,868
华为莫问专卖店,Huawei/华为nova4nova4e,6,1599
tvbtvbtvb1212,Huawei/华为P20Pro,136,1429
麦蒂vss科比,Apple/苹果iPhoneXSMax,226,3500
鱼得水_168,Apple/苹果iPhone8Plus,87,1838
华为莫问专卖店,Huawei/华为Mate30Pro,6,5799
首佳誉数码专营店,OPPOA11x,5,1799
陈思瞳2012,Xiaomi/小米6,311,738
long780790,Apple/苹果iPhone11,31,4588
首佳誉数码专营店,OPPOA5,62,699
oksj数码旗舰店,Apple/苹果iPhone11ProMax,1,8988
爱上一个少年,Apple/苹果iPhone8Plus,1210,1389
易联讯达旗舰店,Apple/苹果iPhone11Pro,7,8599
lannl,Apple/苹果iPhoneXSMax,15,4900
炫和科技,Apple/苹果iPhoneXR,25,3958
久汇数码专营店,Huawei/华为nova3e,15,899
旭远数码专营店,Huawei/华为Mate20,4,2699
最低最诚信,Apple/苹果iPhoneXSMax,28,5308
创于佳讯数码专营店,vivo华为耳机,30,399
鹅总经理,Apple/苹果iPhone11ProMax,52,4599
达诚数码商城,Apple/苹果iPhoneXSMax,41,3453
广东电信亿品汇专卖店,Huawei/华为畅享9S,20,968
苏宁易购官方旗舰店,realme真我X2Pro,95,2599
苏宁易购官方旗舰店,Apple/苹果iPhone8256G,55,4599
三际数码官方旗舰店,Huawei/华为Mate30RS,18,13448
三际数码官方旗舰店,Huawei/华为Mate20X,15,4899
中国移动官方旗舰店,vivoiQOO,11,2098
中国移动官方旗舰店,honor/荣耀magic2,27,1899
首佳誉数码专营店,vivoiQOOPro,4,2898
vivo智轩优品专卖店,vivoX27,4,2498
优质宝贝,Apple/苹果iPhoneXSMax,168,3150
福田数码店,Apple/苹果iPhone8Plus,480,495
南涛科技,Apple/苹果iPhone8Plus,26,2150
首佳誉数码专营店,vivoiQOONeo855,4,2598
久汇数码专营店,Huawei/华为nova5iPro,21,1799
划地球,honor/荣耀20pro,17,1899
一朵花的记忆,honor/荣耀20i,182,848
诚亨通讯,vivoZ5,310,1079
一朵花的记忆,红米Note8Pro,307,798
创宇嘉汇数码专营店,Huawei/华为畅享10,18,899
yuzunyi0423,Apple/苹果iPhone11ProMax,23,5028
广东电信亿品汇专卖店,红米8Aredmi8A,17,699
中宽通讯行,一加7proOnePlus,122,1817
kobe_wwh,Apple/苹果iPhone11,20,3465
济南精诚数码,Apple/苹果iPhone11,60,4999
硕王鑫基汇专卖店,vivo小米鼠oppo,614,385
友铭数码通讯,一加7TPro,81,1828
中宽通讯行,honor/荣耀20Pro,100,1667
鑫时代数码8,OPPOR9,753,548
vivo智轩优品专卖店,vivoZ5x,15,1698
oksj数码旗舰店,Huawei/华为Mate20Pro,4,3999
苏宁易购官方旗舰店,OPPOReno2Z4800,117,2299
苏宁易购官方旗舰店,OPPORenoZ,341,2199
三际数码官方旗舰店,红米K20pro,41,2599
三际数码官方旗舰店,Huawei/华为Mate30Pro,10,5799
中国移动官方旗舰店,红米8,173,679
首佳誉数码专营店,OPPOReno2Z,5,2299
首佳誉数码专营店,vivoS1vivos1,12,1298
京合旗舰店,Huawei/华为麦芒7,0,1299
华为莫问专卖店,Huawei/华为nova5inova,6,1799
问鼎数码专营店,realmeXrealmex,124,1299
宜必宜,一加一加61,84,1423
广东电信亿品汇专卖店,Huawei/华为nova5,10,2599
华奥通讯bj,Huawei/华为MateXmatex,25,28788
chenghong301314,honor/荣耀Play38x,282,499
farm红蜻蜓,Apple/苹果iPhone8Plus,156,2150
淘金数码专营店,Huawei/华为P30Pro,46,4488
华为天鹰专卖店,Huawei/华为畅享10Plus,2,1399
久汇数码专营店,Huawei/华为Mate30,4,3999
梅州铭鑫通讯,红米note8Prok207pro,122,740
我不是吃素的的,Apple/苹果iPhoneX,60,3300
本诚商城,Apple/苹果iPhone8Plus,39,1673
华为莫问专卖店,Huawei/华为麦芒8,3,1599
vivo航鹰专卖店,vivoiQOOPro,9,2898
沁穆堂,Apple/苹果iPhoneXSMaxiPhone11ProMax,24,5499
运动五元素,Apple/苹果iPhone8Plus,43,2200
中宽通讯行,honor/荣耀NOTE10GT,100,1167
一朵花的记忆,honor/荣耀8XMAX,233,799
镰刀斧头t,vivoy67,1128,340
苏宁易购官方旗舰店,OPPOA11x8G,143,1799
中国移动官方旗舰店,Huawei/华为nova3i,90,1118
首佳誉数码专营店,OPPOA9,12,1299
首佳誉数码专营店,vivoNEX,0,4998
港柏数码,一加GM1910,45,1612
久汇数码专营店,Huawei/华为畅享8e,16,459
店主有故事,Apple/苹果iPhone8Plus,221,2038
华奥通讯bj,Huawei/华为Mate20X,25,1498
梅州铭鑫通讯,红米K30,136,1278
火红数码专营店,realmeXrealme,6,1099
深圳一航,honor/荣耀20S,84,998
划地球,红米note7Pro,180,680
梅州铭鑫通讯,红米k20,149,898
裙子也疯狂,Apple/苹果iPhone11ProMax,13,8019
oksj数码旗舰店,honor/荣耀8XMAX,4,878
alixion,Apple/苹果iPhone11ProMAX,87,5099
绝对诚信qq464547963,Meizu/魅族16xT,162,838
zwyhdz,Apple/苹果iPhone11ProMax,32,4980
绝对诚信qq464547963,honor/荣耀V20,81,1198
oksj数码旗舰店,Apple/苹果iPhone11Pro,0,8068
华为莫问专卖店,Huawei/华为P30Pro,8,4488
宝岛数码精品阁,honor/荣耀20i,155,918
纽曼幸福专卖店,vivo华为手耳机,81,398
友铭数码通讯,honor/荣耀20pro,45,1488
oppo平实专卖店,OPPORenoopporeno,3,2499
星梦全球购,Apple/苹果iPhone7Plus,140,1800
德隆数码商贸,Apple/苹果iPhone8Plus,312,1350
苏宁易购官方旗舰店,红米8,1313,699
苏宁易购官方旗舰店,红米,138,2599
三际数码官方旗舰店,一加7t,115,3299
三际数码官方旗舰店,Huawei/华为nova4e,218,1098
中国移动官方旗舰店,Apple/苹果iPhone8,6,3308
中国移动官方旗舰店,红米7A,199,489
久汇数码专营店,Huawei/华为畅享8E,22,459
恒信数码1688,Apple/苹果iPhone8Plus,125,1980
vivo智轩优品专卖店,vivoiqooneo855,6,2598
广东电信亿品汇专卖店,Huawei/华为麦芒8,8,1599
诚信实拍数码,锤子坚果pro3,79,1770
一朵花的记忆,Xiaomi/小米8,245,729
博匠数码,Apple/苹果iPhoneXR,366,3611
辽宁东哲数码连锁,Huawei/华为Mate20Pro,38,1588
yuzunyi0423,honor/荣耀V20,31,1458
chenghong301314,vivoU3x,403,599
鹅总经理,Apple/苹果iPhone11,14,3340
qq50992090,honor/荣耀8,72,484
有话好说liu,honor/荣耀20S,58,928
vivo智轩优品专卖店,vivoZ5vivoz5,2,2098
鑫源通数码通讯,OPPOR11S,296,870
爱上一个少年,Apple/苹果iPhone8Plus,1049,1389
yonghengcym,Huawei/华为nova2s,205,930
tb382897_00,vivoX9,553,680
火红数码专营店,realmeX2,9,1499
划地球,红米K20Pro,57,1399
久汇数码专营店,honor/荣耀畅玩8C,11,729
wezebaba,honor/荣耀20,195,768
mlove360,Apple/苹果iPhoneXSMaxX,20,3900
yuzunyi0423,Xiaomi/小米CC9PRO,21,2358
zhuyoukui1987,Huawei/华为畅享7Plus,368,398
一朵花的记忆,honor/荣耀Play3,171,518
皇后范儿啦,Apple/苹果iPhoneSE128G,445,850
chenghong301314,honor/荣耀20i,176,669
睿之婕数码专营店,Huawei/华为Mate30Pro5G,8,6899
新松联手机专营店,Huawei/华为畅享9,16,838
cnange1201,红米游戏,34,2339
苏宁易购官方旗舰店,OPPOReno,230,2499
三际数码官方旗舰店,Apple/苹果iPhone11pro,6,8588
中国移动官方旗舰店,vivoz5x,16,1198
中国移动官方旗舰店,Huawei/华为畅享8e,234,468
浅云68,Apple/苹果iPhone8Plus,37,3219
会耍赖的猫888,Apple/苹果iPhone8,224,2350
天逸数码1688,Huawei/华为Mate20,6,1558
songhaozhen,Apple/苹果iPhone8Plus,865,2110
云腾数码商城,Huawei/华为Mate20,113,1456
小唐1688,Apple/苹果iPhone11ProMaxiphone11promax,41,5200
海飞手机零售店,Apple/苹果iPhone11ProMax,23,4999
中人通信数码旗舰店,Apple/苹果iPhone11,10,5499
柳峰阁,honor/荣耀8XMAX,146,757
星梦全球购,Apple/苹果iPhone7Plus,322,1800
chenghong301314,红米8,273,499
梅州铭鑫通讯,honor/荣耀NOTE10,176,1168
人生赢家2018,Apple/苹果iPhoneX,49,2450
茂鹏数码专营店,vivoU3xvivou3x,243,799
云腾数码商城,honor/荣耀20pro,103,787
oppo平实专卖店,OPPORenoAceopporenoace,8,2999
诚亨通讯,Xiaomi/小米CC9E,150,899
尤里xx,Apple/苹果iPhoneXSMaxiPhone11ProMax,10,5350
vivo衡视专卖店,vivoU3,25,999
天乐时尚数码,一加A6010,118,1399
赛尔丰数码专营店,vivo耳机,65,489
天天购物精品商城,Xiaomi/小米6X,150,768
德隆数码商贸,Apple/苹果iPhone8Plus,153,1000
专注通讯数码小家,Huawei/华为P20Pro,151,1000
格格乌托邦,Apple/苹果iPhone8PlusiPhone8,29,3250
咪咕官方旗舰店,Huawei/华为Mate305G,15,4999
苏宁易购官方旗舰店,OPPOReno2,314,2999
三际数码官方旗舰店,OPPOA91oppoa91,38,1999
三际数码官方旗舰店,realme真我X50realmex50,0,99999
中国移动官方旗舰店,honor/荣耀畅玩7,103,449
中国移动官方旗舰店,vivox305G,1,3298
周宏亮,Apple/苹果iPhoneXSMax,15,3848
vivo衡视专卖店,vivoS1pros1provivox27vivo,8,1998
最低最诚信,Apple/苹果iPhoneXR9,28,4208
华为莫问专卖店,Huawei/华为Mate20X,4,4899
小米领英专卖店,Xiaomi/小米6,18,1249
t_1497275927126_0366,honor/荣耀20pro,42,1648
vivo衡视专卖店,vivoNEX35G,4,4998
baby家衣,Apple/苹果iPhone11ProMaxiphone11,12,7888
才发现永远太近,honor/荣耀magic2,18,1486
合肥杰信电子科技,Apple/苹果iPhone8,93,1749
首佳誉数码专营店,vivoiQOONeo855vivoiqooneo,6,1998
睿之婕数码专营店,Huawei/华为nova5i,6,1999
为人民服务666,honor/荣耀V30PRO,10,3199
oksj数码旗舰店,Huawei/华为Nova6SE,9,2199
小唐1688,Apple/苹果iPhoneXSMax,39,3180
京合旗舰店,Huawei/华为麦芒8,10,1599
诚亨通讯,Xiaomi/小米CC9,133,918
华为莫问专卖店,Huawei/华为Mate30RS,2,14999
众合数码高手,honor/荣耀V20,19,1899
知心通讯,Apple/苹果iPhone11Pro,21,4720
京基数码行,Apple/苹果iPhoneXR,20,2405
绝对诚信qq464547963,Meizu/魅族X816spro,270,848
860803华晶,Apple/苹果iPhoneXR,27,4370
虫马虫义数码专营店,Apple/苹果iPhoneXsMax,4,6599
苏宁易购官方旗舰店,vivoiQOONeo855,95,2098
中国移动官方旗舰店,Huawei/华为麦芒7,64,1038
wy1689999,Apple/苹果iPhone11ProMax,26,4668
有话好说liu,红米note8prose7,190,848
博海宇通数码专营店,红米8Redmi8,11,699
划地球,honor/荣耀8XMAX,51,849
蓝港数码专营店,Huawei/华为nova4,2,1799
云腾数码商城,honor/荣耀20S,24,1486
会耍赖的猫888,Apple/苹果iPhone8Plus,15,2150
华为莫问专卖店,Huawei/华为nova4e,16,1098
广东电信亿品汇专卖店,Huawei/华为畅享9Plus,35,919
华子聚源手机专营店,Huawei/华为P30,15,3388
百分百购物网,honor/荣耀10,161,630
广东电信亿品汇专卖店,Huawei/华为畅享10,13,1199
同达丰数码旗舰店,Huawei/华为nova5Pro,48,2499
为人民服务668,honor/荣耀V20s,9,1859
云腾数码商城,Huawei/华为Mate20Pro,54,1456
小城大爱a,锤子坚果Pro2S,77,1092
启航数码007,Apple/苹果iPhoneXS,33,3400
mrmaccn,Apple/苹果iPhone11ProMax,26,7920
肥鹏展翅,Apple/苹果iPhone11ProMax,83,3558
易速购企业,honor/荣耀9,344,759
旭远数码专营店,Huawei/华为P30,7,3388
china手机城,vivoS1,102,1435
领全中心,Huawei/华为mate9,182,700
苏宁易购官方旗舰店,realme真我Q,329,948
苏宁易购官方旗舰店,Apple/苹果iPhoneXR256G,54,6088
三际数码官方旗舰店,Huawei/华为畅享MAX,52,1178
中国移动官方旗舰店,vivoiQOONeo855,1,2398
中国移动官方旗舰店,vivoNEX34G,1,4498
赛西湖,Huawei/华为Mate20Pro,78,1888
小乔淘淘购,Huawei/华为nova3,132,888
redyaod,Apple/苹果iPhoneX,183,3480
金色世界通讯,vivoX27,68,1749
伟你是问,Apple/苹果iPhoneXR,39,2458
冠晨伟业数码专营店,Huawei/华为Mate10,23,2179
qq339446599,Huawei/华为Mate20,22,1288
京合旗舰店,honor/荣耀畅玩8C,6,759
海优智联生活馆,honor/荣耀20Pro,19,2099
璟鑫手机专营店,红米note8,59,1059
bc1682013,Apple/苹果iPhone11,43,4790
京合旗舰店,Huawei/华为Mate20X,0,4499
小朵数码店,Apple/苹果iPhoneXS,26,3791
vivo智轩优品专卖店,vivoX27,14,2498
梅州铭鑫通讯,honor/荣耀magic2,115,1496
久汇数码专营店,Huawei/华为Mate20X5G,3,4899
城达商城,Huawei/华为Mate20,15,1888
创意想象,Huawei/华为P20,32,1442
oksj数码旗舰店,Huawei/华为Mate30,0,3999
oksj数码旗舰店,Huawei/华为Mate30,0,3999
久汇数码专营店,Meizu/魅族16th,13,1559
聚潮品商贸,Apple/苹果iPhoneX,15,3338
有话好说liu,honor/荣耀9xpro,34,1017
xxzlynlcj555,Apple/苹果iPhoneXR,48,3788
炫和科技,Apple/苹果iPhone11ProMax,34,7215
广东电信亿品汇专卖店,红米Note7note7pro,12,999
有话好说liu,honor/荣耀Play3,203,538
中创青云数码专营店,Huawei/华为nova5iPro,7,1799
晨曦爱森林浴,Apple/苹果iPhone7,9,1550
zhouhaoxin18888,Apple/苹果iPhone8,60,2058
苏宁易购官方旗舰店,Meizu/魅族16Xs,292,1349
苏宁易购官方旗舰店,vivoS5,135,2698
三际数码官方旗舰店,vivoX27,104,2498
三际数码官方旗舰店,Huawei/华为nova5z5z,116,1499
中国移动官方旗舰店,Huawei/华为5G,0,6199
中国移动官方旗舰店,红米7,85,559
lxt_雅腾,Xiaomi/小米6X,414,799
tb8821_2013,Apple/苹果iPhone116,34,5090
孙宝霞22222,一加一加6,129,1179
tb18742644,一加HD19107TPro,35,2369
久汇数码专营店,Meizu/魅族16x,15,1039
oksj数码旗舰店,Apple/苹果iPhone8,0,3398
友铭数码通讯,红米note8Pro,72,766
优乐渼,vivoY93S,262,720
tangchaoshan1006,Apple/苹果iPhoneXSMax,56,3450
有话好说liu,红米note8Pro7c9,148,857
baby18688,Apple/苹果iPhone8Plus,62,1008
博雅新创商贸,Apple/苹果iPhone11,40,5158
久汇数码专营店,Meizu/魅族16Xs,5,1449
tb571399732,honor/荣耀9XPRO,48,1040
成功数码有限公司,Apple/苹果iPhone7Plus,20,1588
cnange1201,vivoiQOOPro5G,52,1888
hongkong1658,Apple/苹果iPhoneXR,78,2480
杭州拉风数码,Apple/苹果iPhone11ProMax,186,4702
一朵花的记忆,honor/荣耀20,69,848
诺囡诺囡,Apple/苹果iPhone11,30,5080
e酷手机网,Huawei/华为Mate20Pro,64,1597
诚亨通讯,honor/荣耀20i,57,819
oksj数码旗舰店,Huawei/华为nova4,25,1599
baby欣玥988,vivoX9,310,560
苏宁易购官方旗舰店,realme真我X2Pro,40,2599
三际数码官方旗舰店,Meizu/魅族16x,108,1048
三际数码官方旗舰店,一加7TPro,30,4599
中国移动官方旗舰店,vivox30Pro,1,3998
中国移动官方旗舰店,vivoU3XvivoU3x,30,799
oksj数码旗舰店,Huawei/华为Mate30Pro,3,5799
绝对诚信qq464547963,红米k2030,10,2397
创新强数码,Huawei/华为nova2Plus,161,728
有话好说liu,honor/荣耀20i,220,698
oksj数码旗舰店,Huawei/华为麦芒8,3,1599
诚亨通讯,红米note8Pro,183,849
京合旗舰店,honor/荣耀畅玩8,9,599
华为莫问专卖店,Huawei/华为P30,4,3388
南南jd,honor/荣耀V30,18,2988
小城大爱a,锤子坚果R1SMARTISAN,75,1530
硕航数码,OPPOK5,53,1799
科音数码专营店,vivo耳机,9,398
晟盛通讯,Apple/苹果iPhone7Plus,46,1600
博海宇通数码专营店,Huawei/华为nova5z,5,1499
凯宁自营店,Huawei/华为Mate20X,12,2998
君问数码官方旗舰店,Huawei/华为畅享9S,64,969
华为莫问专卖店,Huawei/华为nova5znova5z,38,1699
zbblss517913880,Apple/苹果iPhone11Pro,22,5128
苏晴雪88,Apple/苹果iPhone8Plus,54,2050
tb347429564,OPPOR9,286,580
首佳誉数码专营店,vivoS1pro,17,1998
vincent_sq,Apple/苹果iPhoneX,201,3250
呵呵阿呵呵阿,vivoX20,240,710
诚有信未则来,一加一加6,58,1709
苏宁易购官方旗舰店,honor/荣耀Note10,58,1699
苏宁易购官方旗舰店,OPPOA9,82,1499
三际数码官方旗舰店,Huawei/华为Mate30Pro5G,15,6399
三际数码官方旗舰店,红米8ARedmi8A,288,499
中国移动官方旗舰店,vivos1,1,1598
oksj数码旗舰店,honor/荣耀8X,5,878
淘冠军2014,Apple/苹果iPhone8Plus,238,1100
好迎通信,vivoX21,134,1280
mlove360,Apple/苹果iPhone11promax,15,3500
恒正科技数码,vivoS1AI,71,1298
zxf13526638734,honor/荣耀9XPRO,19,988
海派手机,OPPOR17,107,1429
ji19921123,Apple/苹果iPhone11,10,3500
首佳誉数码专营店,vivoNEX3vivonex35gvivo,2,4498
新松联手机专营店,Huawei/华为nova5i,4,1799
tcxzw,锤子坚果3,18,1731
划地球,honor/荣耀Play3,78,520
诚亨通讯,honor/荣耀畅玩8A,233,448
雨夹雪91,一加5T,142,1176
首佳誉数码专营店,OPPOReno2opporeno2opporeno10,4,2999
诚信实拍数码,honor/荣耀9x,49,887
京合旗舰店,honor/荣耀Play3e,5,699
绝对诚信qq464547963,Meizu/魅族16s16Spro,5,2298
众合数码高手,honor/荣耀20,24,1590
金色世界通讯,vivoX23,73,1231
鲁信数码科技公司,honor/荣耀V20,31,1709
苏宁易购官方旗舰店,OPPOA53,385,699
苏宁易购官方旗舰店,honor/荣耀畅玩8C,344,799
三际数码官方旗舰店,Huawei/华为畅享10Plus,226,989
中国移动官方旗舰店,vivou3,9,999
中国移动官方旗舰店,vivou3,12,999
首佳誉数码专营店,OPPOK1oppok1,0,1199
郑志浩zzh9,Apple/苹果iPhoneX,68,3760
才发现永远太近,honor/荣耀V20,38,1386
oksj数码旗舰店,Huawei/华为畅享9S,3,958
柳峰阁,honor/荣耀10,162,718
划地球,honor/荣耀20i,52,799
tb0007007_2012,Apple/苹果iPhoneXSMax,34,4528
赵小小配件商城,Huawei/华为Mate10,186,983
鲁信数码科技公司,Apple/苹果iPhone11Pro,14,5059
一直等待1994,OPPOR11,102,649
合肥杰信电子科技,Apple/苹果iPhoneX,46,3849
goodgyz1302808,Apple/苹果iPhoneX,110,1958
xu丹伟,vivoZ5X,99,988
首佳誉数码专营店,vivoU3,28,999
千瑞宏达手机专营店,Huawei/华为畅享9plus,17,849
创宇嘉汇数码专营店,红米note8pro6400,4,1259
星光数码10,Apple/苹果iPhoneXSMax,45,5299
守护宝旗舰店,中兴L580,269,139
硕王鑫基汇专卖店,vivo小米鼠oppo,117,398
皇后范儿啦,Apple/苹果iPhoneX,183,3450
云腾数码商城,Huawei/华为Mate20X,36,1456
wallter_yuan,OPPOK3,386,895
星新浩,honor/荣耀V30PROV30Pro,22,3096
wezebaba,honor/荣耀Play3,311,557
小米领英专卖店,红米note5,38,699
美图专门店,锤子坚果Pro3,29,2348
苏宁易购官方旗舰店,Huawei/华为畅享9Plus,152,1199
苏宁易购官方旗舰店,Apple/苹果iPhone7Plus32G,47,3459
三际数码官方旗舰店,Apple/苹果iPhone11ProMAX2019,3,9588
中国移动官方旗舰店,vivoX27,12,2498
中国移动官方旗舰店,红米note8,27,1049
品牌机批发店,Huawei/华为Mate20X5G,45,3868
浪够了便回来吧,Apple/苹果iPhone8Plus,55,2000
zjdtpprint,Apple/苹果iPhoneXSMaxiPhone11ProMax,19,7900
久汇数码专营店,Huawei/华为麦芒8,21,999
一朵花的记忆,红米8,278,628
绝对诚信qq464547963,Meizu/魅族16Xs,80,978
千瑞宏达手机专营店,honor/荣耀20i,3,999
静房王树楷,Apple/苹果iPhoneXSMax,16,5000
520方晓勇,Apple/苹果iPhoneXSMax,16,4540
中兴皓皓专卖店,OPPO耳机,274,138
京合旗舰店,Huawei/华为畅享9e,6,699
大唐回浦数码旗舰店,Huawei/华为Mate20X,12,3068
亦儿手机店,Apple/苹果iPhoneXR,3,3460
云腾数码商城,Huawei/华为Mate20X,36,1456
wallter_yuan,OPPOK3,386,895
星新浩,honor/荣耀V30PROV30Pro,22,3096
wezebaba,honor/荣耀Play3,311,557
小米领英专卖店,红米note5,38,699
美图专门店,锤子坚果Pro3,29,2348
苏宁易购官方旗舰店,Huawei/华为畅享9Plus,152,1199
苏宁易购官方旗舰店,Apple/苹果iPhone7Plus32G,47,3459
三际数码官方旗舰店,Apple/苹果iPhone11ProMAX2019,3,9588
中国移动官方旗舰店,vivoX27,12,2498
中国移动官方旗舰店,红米note8,27,1049
品牌机批发店,Huawei/华为Mate20X5G,45,3868
浪够了便回来吧,Apple/苹果iPhone8Plus,55,2000
zjdtpprint,Apple/苹果iPhoneXSMaxiPhone11ProMax,19,7900
久汇数码专营店,Huawei/华为麦芒8,21,999
一朵花的记忆,红米8,278,628
绝对诚信qq464547963,Meizu/魅族16Xs,80,978
千瑞宏达手机专营店,honor/荣耀20i,3,999
静房王树楷,Apple/苹果iPhoneXSMax,16,5000
520方晓勇,Apple/苹果iPhoneXSMax,16,4540
中兴皓皓专卖店,OPPO耳机,274,138
京合旗舰店,Huawei/华为畅享9e,6,699
大唐回浦数码旗舰店,Huawei/华为Mate20X,12,3068
亦儿手机店,Apple/苹果iPhoneXR,3,3460
中宽通讯行,一加7tOnePlus,71,1817
刘萍萍188,vivoNEX,25,2643
绝对诚信qq464547963,honor/荣耀20pro,24,1628
chenghong301314,红米note7pro8pro,130,748
博海宇通数码专营店,Huawei/华为Mate30,2,3999
oksj数码旗舰店,Apple/苹果iPhone7Plus,2,3378
乐畔乐购旗舰店,红米Note8,36,999
横琴8090,Apple/苹果iPhone11,19,5120
yuzunyi0423,红米note8se,34,1143
vivo智轩优品专卖店,vivoY93vivoy93vivoz1y85y83y81sy73y97x21x23vivo,2,999
广州荣华网络耗材批发,Apple/苹果iPhone8Plus,57,1588
苏宁易购官方旗舰店,vivoiQOONeo,88,1898
三际数码官方旗舰店,Huawei/华为畅享10,128,818
三际数码官方旗舰店,红米7,382,479
中国移动官方旗舰店,vivoS5,8,2698
中国移动官方旗舰店,中兴A2020Pro,1,3098
oksj数码旗舰店,Apple/苹果iPhoneXR,0,4558
szhgc888888,Apple/苹果iPhoneXRiphonexr,189,3660
tb046387630,OPPOA57,687,340
尤里xx,Apple/苹果iPhoneXR,13,4250
华为莫问专卖店,Huawei/华为畅享9e,39,718
mlove360,Apple/苹果iPhoneX,25,2830
oksj数码旗舰店,Huawei/华为畅享MAX,5,1198
百德电子no1,Xiaomi/小米Max2,262,668
阿烽通讯,OPPOR9,331,469
火红数码专营店,realmeQ,15,1196
硕王东鑫城专卖店,vivo小米鼠oppo,20,398
九一数码商城,vivoNEX,23,2096
qq2313561800,honor/荣耀9i,171,748
小乔淘淘购,Huawei/华为Mate20pro,10,1648
友铭数码通讯,一加7proOnePlus,32,2588
划地球,红米note8Pro,25,849
苏宁易购官方旗舰店,Meizu/魅族16s,50,2299
苏宁易购官方旗舰店,Huawei/华为nova4,28,2199
三际数码官方旗舰店,红米Note8ProXiaomi,72,1399
中国移动官方旗舰店,vivos1pro,0,2298
中国移动官方旗舰店,Meizu/魅族16T,4,1999
炫和科技,Apple/苹果iPhone11Pro,12,7918
炫机汇数码店,Apple/苹果iPhone11iPhone11Promax,40,4930
e酷手机网,Xiaomi/小米MIX3,9,1898
品牌机批发店,honor/荣耀20S,25,1028
悠悠淘一米,Apple/苹果iPhone7Plus,168,1580
朵唯宇钧汇专卖店,OPPO荣耀VIVO,6,549
hanjbo,honor/荣耀20,52,887
一米阳光通讯城,OPPOA57,841,342
博海宇通数码专营店,Huawei/华为Mate30Pro,2,5799
璟鑫手机专营店,Huawei/华为nova4e,4,1299
龙胜数码城888,Huawei/华为P20Pro,41,1088
中宽通讯行,Xiaomi/小米9,3,2337
tb97629816,Apple/苹果iPhone11,29,4958
梅州铭鑫通讯,honor/荣耀20PRO,14,1658
一朵花的记忆,红米note8pro,90,923
友铭数码通讯,Xiaomi/小米CC9,80,858
天逸数码1688,honor/荣耀20,12,1458
鲁信数码科技公司,Xiaomi/小米黑鲨黑鲨游戏2pro,12,3399
oksj数码旗舰店,Huawei/华为nova5,1,2599
给力不坑爹,红米7a,365,478
睿之婕数码专营店,Huawei/华为Mate305G,8,4999
治辰腾远,OPPORenoAce,28,2838
凯宁自营店,honor/荣耀20i,73,998
华为莫问专卖店,Huawei/华为畅享10s,3,1399
vivo智轩优品专卖店,vivoY9s,2,1998
品骏数码商城,vivoy67,913,375
redyaod,Apple/苹果iPhone7Plus,21,2080
zxsgtc,Apple/苹果iPhoneXSMax,13,4970
tb250568531,OPPOR9,153,520
华翼数码007,Huawei/华为T2010,4127,120
苏宁易购官方旗舰店,vivoS1pro,42,1698
苏宁易购官方旗舰店,vivoiQOOPro5G,26,3198
三际数码官方旗舰店,Huawei/华为nova5iPronova5ipro,29,1799
三际数码官方旗舰店,vivoU3vivou3vivou3xu3xvivoy7sy93z3y3u1vivox27y97z1iqoopro5gvivo,141,999
中国移动官方旗舰店,中兴BladeV10,0,1168
深圳一航,honor/荣耀9x,37,897
回忆是条狗,Huawei/华为P20Pro,33,1468
佐尼物,Apple/苹果iPhone7Plus,60,1600
旷瀚电子商务,Apple/苹果iPhoneX,110,1010
简益通讯,Apple/苹果iPhone11ProMax,12,8719
judy卓提,Apple/苹果iPhoneXSMax,55,1450
科音数码专营店,中兴K2,117,128
曼慕服饰有限公司,Apple/苹果iPhone8Plus,108,2068
handinhand00,Apple/苹果iPhone8Plus,8,3248
o魅力之魂o,Apple/苹果iPhone11ProMax,11,5200
真诚国际数码,vivoX21a,94,1000
wezebaba,realmeX50,14,998
品牌机批发店,Xiaomi/小米CC9,128,849
绝对诚信qq464547963,Xiaomi/小米MIX2S,10,1488
zhimingyouhuo4,Apple/苹果iPhoneX,13,2000
oksj数码旗舰店,Huawei/华为nova5iPro,8,1799
tb798140215,Huawei/华为nova3,64,1198
e酷手机网,Apple/苹果iPhoneX11pro,12,5070
tt婷1,Apple/苹果iPhoneX,36,2010
啄木鸟掌柜,OPPOA5,125,620
赛西湖,Huawei/华为Mate20Pro,26,1886
yonghengcym,honor/荣耀10GT,21,998
划地球,honor/荣耀8X,30,699
鑫源通数码通讯,OPPOR15,49,970
oksj数码旗舰店,Huawei/华为nova5i,5,1799
zxf13526638734,Huawei/华为MateSX,1,12487
苏宁易购官方旗舰店,Apple/苹果iPhone732G,12,3129
三际数码官方旗舰店,OPPOA5oppoa5,380,699
三际数码官方旗舰店,Huawei/华为nova65G,26,3199
绝对诚信qq464547963,Xiaomi/小米8,33,1598
大友哥2015,OPPOR11S,98,778
博海宇通数码专营店,honor/荣耀8X,4,1699
zhuangdanmin,Apple/苹果iPhoneX,144,2300
严穆涵,honor/荣耀20i,166,929
中创青云数码专营店,Huawei/华为畅享9Plus,15,948
云腾数码商城,honor/荣耀9xpro,41,888
小红帽511322,OPPOR11R9,332,779
回忆是条狗,Huawei/华为P20,32,1468
华为天鹰专卖店,Huawei/华为P30Pro,2,4488
lishouxin2018,honor/荣耀畅玩7X,78,428
硕王东鑫城专卖店,vivo小米鼠oppo,32,398
tb118754094,honor/荣耀V30,14,2996
炫和科技,Apple/苹果iPhone8PlusiPhoneX,14,3235
治辰腾远,vivoY7s,42,1248
华为莫问专卖店,Huawei/华为畅享10,17,1199
隆盛科际,Huawei/华为P20,72,1788
诚诚手机通讯,vivoy67,1989,280
hanxunduke,Apple/苹果iPhoneXR,25,4319
金色世界通讯,vivoX21,116,1020
tb97629816,Apple/苹果iPhone11,29,4958
硕王鑫基汇专卖店,vivo荣耀oppo,22,398
苏宁易购官方旗舰店,realme真我Q,147,998
三际数码官方旗舰店,锤子坚果Pro3,17,2399
zjdtpprint,Apple/苹果iPhoneXSMaxiPhone11ProMax,19,7900
信兴达正品手机店,OPPOR15,192,888
友铭数码通讯,honor/荣耀20,9,1488
中英文具office,Apple/苹果iPhoneXS,267,2100
淘酷tool,一加GM19101,2,2199
创宇嘉汇数码专营店,红米note7pro,4,1079
dong19871014,honor/荣耀8X,90,828
oppo平实专卖店,OPPORenoopporeno10,9,3699
dong19871014,honor/荣耀8X,90,828
潮流mwp,锤子坚果R1SMARTISAN,18,1530
诚亨通讯,vivoZ5X,114,869
可可数码汇,vivoY93,284,800
博海宇通数码专营店,Huawei/华为nova5,6,2599
婴童用品商店,Apple/苹果iPhone8Plus,124,1588
jiali通讯,Apple/苹果iPhone8,28,2499
金运通,Apple/苹果iPhone11ProMax,18,8483
zjdtpprint,Apple/苹果iPhoneXSMax,45,5330
chenghong301314,honor/荣耀9XPRO,27,1023
三际数码官方旗舰店,Huawei/华为Mate305G,22,4999
hanxunduke,Apple/苹果iPhone8Plus,15,4009
李滚滚的店,honor/荣耀V30PRO,8,2899
chenghong301314,honor/荣耀20,35,929
chenghong301314,honor/荣耀20,35,929
东胜科技商城,honor/荣耀20S,27,1478
heatlinda,红米骁龙7,36,958
zhengminling1990,honor/荣耀9i,150,778
诚亨通讯,honor/荣耀畅玩8C,56,489
数码通讯688,OPPOR9S,612,649
诚亨通讯,红米k20pro,68,1368
四川分公司,Apple/苹果iPhone11,36,3540
智能时代通讯7,OPPOA59S,450,345
恒正科技数码,OPPOReno2opporeno2,18,2298
e酷手机网,honor/荣耀V20,25,1458
oksj数码旗舰店,Huawei/华为nova65G,0,3199
杭州拉风数码,Apple/苹果iPhone11,37,3550
百德电子no1,Xiaomi/小米5X,171,678
为人民服务666,honor/荣耀9x,6,1599
tb255304404,vivoX20,130,680
oksj数码旗舰店,Huawei/华为P20,0,2198
小米之小米,vivoX21X23,50,1298
无敌媚娘,Apple/苹果iPhoneSE,183,850
秋枫pan,Apple/苹果iPhone11,7,3540
heatlinda,Xiaomi/小米CC9e,65,968
有话好说liu,honor/荣耀V30Pro5G5g,3,3068
tb255304404,vivoY93,277,550
全心全意卖正品,honor/荣耀20pro,62,1630
恒正科技数码,OPPOA5,116,628
旺盈数码城,Huawei/华为Mate10pro,30,700
三际数码官方旗舰店,Huawei/华为nova5,16,2599
苏宁易购官方旗舰店,OPPOA84G,23,1199
源通通讯168,vivoX9S,210,472
领速通讯,honor/荣耀8,223,448
oksj数码旗舰店,Huawei/华为Mate20,1,2899
新松联手机专营店,Huawei/华为畅享9e,5,738
华为莫问专卖店,Huawei/华为畅享MAX,1,1268
oksj数码旗舰店,Huawei/华为Mate20X,0,4599
tb255304404,vivoY93,277,550
星光数码10,Apple/苹果iPhoneXR,43,3899
ben6780,honor/荣耀10,281,988
有话好说liu,vivoU3x,144,598
hanjbo,honor/荣耀20i,14,887
首佳誉数码专营店,OPPOA7x,0,1499
认证优质商家,OPPOA59S,331,440
china手机城,vivoX23,26,1633
zhang2337113,Huawei/华为,45,1000
jiali通讯,Apple/苹果iPhone7Plus,23,1999
wezebaba,一加7pro,10,2128
婴童用品商店,Apple/苹果iPhone8Plus,124,1588
大友哥2015,OPPOR15x,59,889
e酷手机网,honor/荣耀magic2,26,1588
阻拦紧紧紧,锤子坚果3,252,666
wezebaba,一加7TPro,27,2999
t5t66,honor/荣耀9i,254,785
天逸数码1688,Huawei/华为P20,21,1038
t5t66,honor/荣耀9i,254,785
天逸数码1688,Huawei/华为P20,21,1038
中国移动官方旗舰店,中兴BladeA7,0,567
三际数码官方旗舰店,realmeX2realmex2,86,1299
苏宁易购官方旗舰店,vivoY7s,16,1598
oksj数码旗舰店,Huawei/华为畅享10,1,1199
oksj数码旗舰店,Apple/苹果iPhone8Plus,0,4458
wezebaba,一加7TPro,27,2999
炫酷数码通讯,honor/荣耀10,69,658
颖宝宝666888,Apple/苹果iPhoneX,36,3779
易联讯达旗舰店,Huawei/华为Mate30RS,7,13188
科惠通数码,vivoX7X9,124,640
oppo手机企业商城,OPPOA11x,99,1299
情侣班服商城,Apple/苹果iPhone7Plus,76,1800
啄木鸟掌柜,OPPOR11R11S,36,880
新松联手机专营店,Huawei/华为畅享8e,3,458
划地球,红米8a,218,510
tb80281453885,Huawei/华为Mate10,19,1063
森通达通讯数码,Xiaomi/小米5,403,420
海纳百川tb2014,一加7TPro,8,3049
ajdha826,vivoy67,345,338
契尔氏专卖,honor/荣耀V20,44,1831
tb982331405,Apple/苹果iPhone7plus,21,1880
wezebaba,honor/荣耀10,54,848
古龙圣宝,Apple/苹果iPhoneXSMax,17,5488
博远通讯88,honor/荣耀V30Pro5Gv305g,12,3838
梅州铭鑫通讯,honor/荣耀8X9x20ipro,43,798
华为天鹰专卖店,Huawei/华为nova5iPro5ipro,2,1799
三际数码官方旗舰店,Huawei/华为畅享9,57,788
苏宁易购官方旗舰店,Apple/苹果iPhone6s32G,2,3499
苏宁易购官方旗舰店,OPPOReno10,12,3699
时尚天使宝贝童装店,honor/荣耀V20,4,1699
张顶全888,Apple/苹果iPhone11,10,3540
chenghong301314,vivoU1,131,618
qq50992090,Huawei/华为nova,309,333
睿之婕数码专营店,Huawei/华为nova5Pro,6,2699
启航1468,Xiaomi/小米8,27,738
旭远数码专营店,Apple/苹果iPhone11ProMax,2,8988
chenghong301314,vivoZ5,88,1079
流水逝年夜,vivoiQOO,3,2098
优乐渼,vivoY75,109,540
china手机城,vivoY7s,77,1177
为人民服务666,一加7Tpro,6,2659
阿奎通讯行,Apple/苹果iPhone11ProMax,9,7388
众合数码高手,honor/荣耀9x,50,890
中创青云数码专营店,红米Note8pro,5,1289
子恩家520,Apple/苹果iPhoneXR,11,2800
诚亨通讯,红米note8pro,83,899
划地球,honor/荣耀9XPRO,33,899
璟鑫手机专营店,红米note8,13,1059
一朵花的记忆,红米note7,127,799
璟鑫手机专营店,红米8,14,759
三际数码官方旗舰店,realmeX2Prorealmex2pro,41,2599
三际数码官方旗舰店,红米K20,68,1899
苏宁易购官方旗舰店,中兴守护宝L550,4771,86
苏宁易购官方旗舰店,中兴守护宝L660,762,179
璟鑫手机专营店,中兴,2,999
璟鑫手机专营店,红米note8pro,2,1359
vivo智轩优品专卖店,vivoiQOOPro,5,2898
oksj数码旗舰店,Huawei/华为畅享8e,2,448
蒋杨科2919,honor/荣耀20i,28,999
硕王鑫基汇专卖店,vivo小米鼠oppo,12,598
zslzhao,honor/荣耀Play3,19,767
云腾数码商城,honor/荣耀20,29,787
才发现永远太近,Xiaomi/小米9,7,1498
辽宁东哲数码连锁,honor/荣耀20,11,1988
专注通讯数码小家,Huawei/华为Mate10,51,800
绝对诚信qq464547963,Meizu/魅族魅族15,57,755
heatlinda,realmeX,62,908
时尚名媛品牌店,Apple/苹果iPhoneX,21,2680
友铭数码通讯,Xiaomi/小米9,11,1458
吉祥电子数码,vivoX23,79,1758
吉祥如意88866688,Apple/苹果iPhoneX,87,3000
贤惠之店,Meizu/魅族魅蓝Note5,256,338
yonghengcym,Huawei/华为mate10pro,55,1290
新松联手机专营店,honor/荣耀10,2,899
aceplayer,Apple/苹果iPhone11ProMax,25,5040
king_llz,Huawei/华为畅享8Plus,125,558
才发现永远太近,honor/荣耀9XPro,21,897
qq339446599,honor/荣耀V10,27,1068
中创青云数码专营店,红米note7pro8plus9,2,988
zhangjintang89,Huawei/华为nova2,70,588
hanxunduke,Apple/苹果iPhoneXSMax4G,22,5659
三际数码官方旗舰店,OPPOA11xoppo,43,1799
苏宁易购官方旗舰店,vivoU1,236,749
中宽通讯行,honor/荣耀9XPRO,26,1047
nanncy8313256_2009,Apple/苹果iPhoneXSMaxiPhone11Pro,30,5328
情缘通讯,Apple/苹果iPhoneX,30,3200
海派大心心,Huawei/华为P10,116,799
睿星06,Apple/苹果iPhone74,21,1580
华奥通讯bj,Huawei/华为Mate20RS,7,3988
恒正科技数码,OPPOReno,21,1698
中宽通讯行,红米k20Pro,13,2387
华为天鹰专卖店,Huawei/华为畅享94G,14,899
颖宝宝666888,Apple/苹果iPhone7Plus,32,1679
xiaohui19890328,一加5T,34,1099
严穆涵,honor/荣耀10,156,810
给力小娘子,Apple/苹果iPhone84,17,2298
如家米店,Apple/苹果iPhone8Plus,295,2018
诚亨通讯,honor/荣耀Play3pl,74,498
东胜科技商城,honor/荣耀9x,61,1048
雨夹雪91,一加A6000,34,1184
时尚美衣女装店,Meizu/魅族魅蓝Note6,350,349
yuanshan_2013,一加一加6,29,1170
chenlongshao5,Meizu/魅族魅蓝S6,153,498
好多鱼通讯,OPPOR15,161,828
playdvd,Apple/苹果iPhone116,20,5070
倩純11,honor/荣耀畅玩7,22,458
三际数码官方旗舰店,Huawei/华为畅享9S,65,968
一朵花的记忆,honor/荣耀8X,12,799
一朵花的记忆,红米k20cc9e,7,899
oppo手机企业商城,OPPOReno35G,16,3399
冰淇淋_00,Apple/苹果iPhone11ProMax,11,7958
绝对诚信qq464547963,Huawei/华为Mate20X,17,1798
李滚滚的店,Huawei/华为Mate20Pro,37,1949
w桂容,honor/荣耀畅玩7X,124,568
华为莫问专卖店,Huawei/华为畅享9,6,788
浩源数码商城,OPPOR11Plus,172,789
风华绝代小嗨嗨,vivoX9Plus,113,690
绝对诚信qq464547963,Xiaomi/小米9pro5G,14,2388
忆想大商行,OPPOR9SplusR11S,123,628
zhuyoukui1987,Huawei/华为畅享7,72,378
划地球,Xiaomi/小米RedmiNote8Pro,24,849
璟鑫手机专营店,中兴v10zte,5,869
ben6780,honor/荣耀10GT,22,968
浅云68,Apple/苹果iPhoneX,19,3969
梅州铭鑫通讯,honor/荣耀20S,30,938
qq50992090,honor/荣耀畅玩7x,37,559
三际数码官方旗舰店,红米Note8,76,999
三际数码官方旗舰店,vivoY9svivoy9sx9svivox27y97y3y93s5g,20,1998
苏宁易购官方旗舰店,OPPOA9x,30,1599
一朵花的记忆,Xiaomi/小米9SE,8,1299
友铭数码通讯,honor/荣耀9xpro,64,698
久汇数码专营店,Huawei/华为畅享8Plus,2,869
品牌机批发店,Huawei/华为Mate20,11,1898
才发现永远太近,Huawei/华为Mate20X,8,1786
一直等待1994,OPPOR9S,109,599
啄木鸟掌柜,OPPOR11S,40,880
久汇数码专营店,honor/荣耀畅玩7,10,429
博尔特数码商城,Apple/苹果iPhone8Plus,20,1588
领全中心,Huawei/华为P10,64,830
利显科技,Apple/苹果iPhone8Plus,31,1898
chenghong301314,红米note8pro7a,53,749
璟鑫手机专营店,Huawei/华为畅享9,1,999
启航1468,Xiaomi/小米9,60,738
浩浩sh661,Apple/苹果iPhone11,28,5058
中创青云数码专营店,Huawei/华为畅享10Plus,5,1399
李滚滚的店,honor/荣耀20proHONOR,13,1479
恒正科技数码,vivoX27vivox23s1iqoox21x30bbkx27Prox27plus,11,1898
三际数码官方旗舰店,红米7A,192,469
三际数码官方旗舰店,红米K20pro,29,2799
苏宁易购官方旗舰店,Meizu/魅族Note9,96,1049
璟鑫手机专营店,红米note7pro,4,1089
颖宝宝666888,Apple/苹果iPhone7Plus,16,2238
小红帽511322,Huawei/华为nova3,19,899
oksj数码旗舰店,Apple/苹果iPhoneXSMax,0,7398
好多鱼通讯,OPPOR9S,121,608
美团大众易购,Apple/苹果iPhone8plusiphoneX,62,1530
御猫科技88,Huawei/华为nova2s,105,910
yxc18948999838,Apple/苹果iPhoneXR,13,2450
智能时代通讯7,vivoy67,326,320
heatlinda,honor/荣耀20s,12,1088
e酷手机网,Xiaomi/小米9,15,2099
大君达企业,honor/荣耀20i10,31,888
冰淇淋_00,Apple/苹果iPhone11,23,4755
苏苏通讯,honor/荣耀magic2,4,1498
大兵要创梦,Huawei/华为Mate9,38,839
感觉自己萌萌168,honor/荣耀畅玩7X,195,563
新时代一个人也很好,锤子坚果Pro2,88,666
璟鑫手机专营店,红米7a,6,599
ymthhg,Xiaomi/小米MIX2S,30,1199
鲁信数码科技公司,一加7pro,15,3649
品牌机批发店,Huawei/华为Mate20Pro,25,1848
yuzunyi0423,honor/荣耀9xpro,13,1849
九一数码商城,vivoNEX35G,6,3895
tb255304404,vivoX21,66,680
三际数码官方旗舰店,Huawei/华为Mate30Mate30,14,3999
三际数码官方旗舰店,OPPOA8oppoa8,26,1199
百分百购物网,honor/荣耀8,75,476
tb809078988,OPPOR11S,163,789
划地球,Xiaomi/小米Max3,26,799
oksj数码旗舰店,Apple/苹果iPhoneXS,0,6958
k4058126963,Apple/苹果iPhone8Plus,22,2197
倩純11,Huawei/华为畅享7,53,488
小乔淘淘购,honor/荣耀10GT,15,888
璟鑫手机专营店,红米note7pro8plus9,4,1099
浩如烟海bb,Huawei/华为nova2s,27,672
90后梦想店铺,Apple/苹果iPhone7Plus,114,1800
花可时尚,Apple/苹果iPhone7Plus,259,1800
友铭数码通讯,红米Note7Pro,46,768
浩源数码商城,vivoX9sPlus,57,739
wezebaba,honor/荣耀20i,42,858
oksj数码旗舰店,Huawei/华为畅享9e,7,699
吉祥如意88866688,Apple/苹果iPhone8Plus,140,2000
亦儿手机店,Apple/苹果iPhone8Plus,12,2050
孙宝霞22222,一加5T,16,1179
三际数码官方旗舰店,Apple/苹果iPhone8Plus4G,7,4199
三际数码官方旗舰店,红米K30,99,1599
苏宁易购官方旗舰店,honor/荣耀畅玩7,97,499
璟鑫手机专营店,红米K20pro,5,1799
oksj数码旗舰店,honor/荣耀畅玩8C,2,749
李滚滚的店,Huawei/华为Mate20,14,1949
cnange1201,vivoZ5,67,1078
一朵花的记忆,红米7a,87,488
赛西湖,Huawei/华为Mate20X,14,3868
浅云68,Apple/苹果iPhone8Plus,37,3219
qq麻麻科技,OPPOR11,261,394
点点通讯2009,Apple/苹果iPhone11ProMax,2,5068
tb255304404,vivoZ3i,54,799
陈锋2009,honor/荣耀8,130,450
诚亨通讯,红米8a,96,499
感觉自己萌萌168,honor/荣耀畅玩7X,195,563
qq麻麻科技,OPPOR11Plus,249,394
阳光通讯2020,OPPOR11S,44,879
中宽通讯行,honor/荣耀8X,15,877
颖宝宝666888,Apple/苹果iPhone11ProMax,16,4998
nettove,Huawei/华为Mate20ProUD,4,2099
蓝翔国际2013,vivoX23,65,2170
yxc18948999838,Apple/苹果iPhoneXSMax,8,3350
品牌手机购机中心,OPPOR11sPlus,74,775
qcjaly,honor/荣耀10,36,3280
时尚城服饰1号店,honor/荣耀畅玩7X,70,578
划地球,Xiaomi/小米CC9,44,799
tb255304404,vivoY3,53,799
tb646095374,Huawei/华为P10,111,792
oksj数码旗舰店,Huawei/华为nova5,0,2599
zxf13526638734,Apple/苹果iPhone11ProMax,5,4908
鑫源通数码通讯,vivoX20,43,709
诚亨通讯,honor/荣耀8X,28,799
三际数码官方旗舰店,vivoZ5vivoz5,23,1398
苏宁易购官方旗舰店,中兴F114G,22,899
tb646095374,Huawei/华为P10,111,792
oksj数码旗舰店,Huawei/华为nova5,0,2599
zxf13526638734,Apple/苹果iPhone11ProMax,5,4908
鑫源通数码通讯,vivoX20,43,709
诚亨通讯,honor/荣耀8X,28,799
宝发聚宝源,Apple/苹果iPhone8Plus,76,1366
轩辕听雨阁茶庄,Apple/苹果iPhone8Plus,25,1558
xuxinli1991,Xiaomi/小米8,54,598
创宇嘉汇数码专营店,红米note84800,5,949
online6633,Apple/苹果iPhone8Plus,9,2200
时尚怪咖77,Apple/苹果iPhone8Plus,41,1850
一直等待1994,vivoX9,163,599
大海163,OPPOK1,43,999
云腾数码商城,honor/荣耀V30PRO5G,7,2996
谌芬0755,一加一加6,24,1399
华奥通讯bj,honor/荣耀V30PRO,1,3070
鲁信数码科技公司,Xiaomi/小米9pro5G,13,2479
jiangxiumingliu,中兴A0700BladeA7,89,395
弘鑫购物商城,vivoY97,137,1028
hanjbo,honor/荣耀V20,13,1187
陈思瞳2012,Xiaomi/小米9,22,738
tb656667407,Apple/苹果iPhoneX,14,3267
三际数码官方旗舰店,Huawei/华为Mate20Pro,5,3999
三际数码官方旗舰店,红米note7Pro,39,999
苏宁易购官方旗舰店,OPPOA918G,2,1999
oppo手机企业商城,OPPOA91,19,1999
有话好说liu,红米8a,88,598
qq2313561800,Huawei/华为mate10pro,14,1248
e酷手机网,Huawei/华为Mate20ProUD,18,1597
tb046387630,vivoy67,232,380
鲁信数码科技公司,红米k20cc9pro,3,2549
大君达企业,honor/荣耀8XMAX9x20i,18,818
雨夹雪91,一加A6010,29,1174
qq339446599,Huawei/华为Mate10,16,1288
时尚城服饰1号店,honor/荣耀畅玩7X,70,578
一朵花的记忆,Xiaomi/小米Max3,22,799
浪凯科技,Xiaomi/小米6X,91,669
品牌机批发店,honor/荣耀20i,25,847
东东妈555,Apple/苹果iPhone8Plus,246,1850
划地球,红米8a,47,600
大帅电讯,Huawei/华为mate9,48,700
海派手机,OPPOR15,35,1429
柳峰阁,honor/荣耀9,205,468
三际数码官方旗舰店,Huawei/华为畅享9e,101,729
中创青云数码专营店,Huawei/华为畅享9e,3,799
有话好说liu,vivoZ5,41,1078
tb382897_00,vivoX9,215,680
lishouxin2018,honor/荣耀畅玩7C,75,458
长歌小轩,vivoX27,12,2498
中创青云数码专营店,Huawei/华为Mate305G,2,4999
划地球,红米note7,24,680
阻拦紧紧紧,锤子坚果Pro,39,768
数码专场159,OPPOR17,52,780
鲁信数码科技公司,honor/荣耀9X,18,1065
世光创展数码专营店,中兴守护宝L105,17,89
法萨库,Apple/苹果iPhoneXSMax,358,3550
tvbtvbtvb1212,Huawei/华为P10,45,794
东胜科技商城,Xiaomi/小米CC9,17,1308
wezebaba,realmeX2Pro,28,1988
ymthhg,Xiaomi/小米9,11,1488
学敏思潮,Xiaomi/小米MIX3,49,1299
hugo0217,Apple/苹果iPhone11,13,5030
zhang2337113,Huawei/华为,45,1000
回忆是条狗,Huawei/华为Mate20,16,1888
东胜科技商城,红米,46,1228
longkiss520,Apple/苹果iPhone8Plus,78,1866
三际数码官方旗舰店,vivoiQOOvivoiqooiqoo,64,3098
三际数码官方旗舰店,Huawei/华为畅享10Plus,18,1399
苏宁易购官方旗舰店,红米k305G,0,1999
认证优质商家,OPPOA57,235,430
tvbtvbtvb1212,honor/荣耀畅玩7X,56,563
京成数码商贸,Apple/苹果iPhone11ProMax,10,5010
tb809078988,OPPOA96g,36,888
小红帽511322,honor/荣耀play,29,958
hanjbo,Huawei/华为Mate20X,29,1487
杨伟文科技,vivoY83,80,468
handinhand00,Apple/苹果iPhoneXR,2,4288
划地球,Xiaomi/小米MIX3,6,1799
鸿威通讯,一加HD1900,24,2058
最低最诚信,Apple/苹果iPhone8Plusiphone8X,17,3298
品优科技8886,Apple/苹果iPhone6siPhone6sPlus,45,1030
橦茵阁,Apple/苹果iPhoneX64,33,3300
卓卓钦利,一加一加5,41,1206
炫酷数码通讯,honor/荣耀9,58,508
众合数码高手,honor/荣耀Play3,17,510
诚亨通讯,honor/荣耀Play3e,29,459
wezebaba,Huawei/华为Mate20pro,13,2098
zhuyoukui1987,Huawei/华为nova2S,7,849
远航通讯16,Apple/苹果iPhone84,25,2358
三际数码官方旗舰店,Huawei/华为Mate20RS,2,12999
划地球,honor/荣耀畅玩8,31,400
绝对诚信qq464547963,Meizu/魅族16th,17,1468
wezebaba,Xiaomi/小米黑鲨游戏2Pro,23,799
七小格服饰有限公司,Huawei/华为畅享7,203,258
你一定狠爱我,honor/荣耀9,74,318
tbruiwang,Huawei/华为畅享8Plus,46,1649
feixiang9911,Apple/苹果iPhone11,16,5224
qq339446599,Huawei/华为P10,13,858
才发现永远太近,honor/荣耀20pro,12,1996
辉煌优品8023,Apple/苹果iPhoneXRiphonexr,22,3500
东胜科技商城,realmeX2,10,1599
友铭数码通讯,红米K20Pro,20,1288
视界电讯,honor/荣耀9x,53,1099
东胜科技商城,honor/荣耀V20,31,1778
heatlinda,红米Note7,18,1038
oppo手机企业商城,OPPOReno2,32,2299
天安电子数码,Huawei/华为mate9,119,720
淘淘淘好东西韩,vivoY75,94,434
yuzunyi0423,红米Note7pro,29,1028
为人民服务668,honor/荣耀20,20,1379
高升数码通讯,Huawei/华为nova,52,348
梅州铭鑫通讯,honor/荣耀8XMAX9X,27,799
e酷手机网,Meizu/魅族16th,2,1498
浩如烟海bb,Huawei/华为nova2,26,718
情缘通讯,Apple/苹果iPhoneX,28,3200
wezebaba,realmeQ,64,897
三际数码官方旗舰店,红米7,151,799
三际数码官方旗舰店,honor/荣耀畅玩8C,171,749
qq2313561800,Huawei/华为P9plus,22,928
wezebaba,honor/荣耀9XPRO,18,898
大友哥2015,vivoX20,36,789
qq2313561800,Huawei/华为P20,3,1488
京港通讯店,Apple/苹果iPhone11ProMax,10,7988
topole,锤子坚果Pro3,26,1793
东胜科技商城,红米note8,29,918
新飞扬数码,Apple/苹果iPhone8Plus,49,1578
流水逝年夜,vivoiQOOPro5G,3,3698
柳峰阁,honor/荣耀9i9,69,428
鑫诚数码8,honor/荣耀V9,75,788
嘉年商业,Apple/苹果iPhone8Plus,15,1878
福瑞数码2015,Meizu/魅族魅蓝note5,394,290
有话好说liu,红米8a,144,468
科音数码专营店,中兴K1,2,99
一朵花的记忆,Huawei/华为畅享MAX,14,1098
众合数码高手,honor/荣耀畅玩8A,4,499
中华优美,OPPOA59S,10,1140
七小格服饰有限公司,honor/荣耀畅玩7,99,298
heatlinda,红米note7pro,39,728
风华绝代小嗨嗨,vivoX20,35,720
恒正科技数码,vivoiQOONeo,2,1898
xuxinli1991,Xiaomi/小米Max,84,388
我们不一样883706,vivoX23,49,1748
三际数码官方旗舰店,Huawei/华为畅享10s,90,968
三际数码官方旗舰店,Huawei/华为nova5z5z,46,1499
尚亿汇通数码专营店,中兴K2,3,158
qq339446599,Huawei/华为Mate9,12,958
陈思瞳2012,Xiaomi/小米8,4,738
雅欣9通讯,vivoy66,160,380
艺启数码通讯,honor/荣耀8,119,450
青柠沫,Huawei/华为P10Plus,44,808
hanjbo,honor/荣耀20,8,1198
小乔淘淘购,Huawei/华为nova2sNFC,31,688
ft67s,Apple/苹果iPhone11PROMAX,14,5050
e酷手机网,honor/荣耀20,16,1799
中宽通讯行,honor/荣耀20S,14,1477
ben6780,Huawei/华为P20Pro,32,1288
heatlinda,realmeQ,12,958
友铭数码通讯,Meizu/魅族16x,3,998
华奥通讯bj,Huawei/华为Mate20mate30mate20X5g,1,1518
诚亨通讯,红米note8,46,928
oppo手机企业商城,OPPOK5,21,1799
南南jd,honor/荣耀20,5,1719
淘酷tool,一加6T,2,1789
鑫宇数码城8888,OPPOA83,67,710
金多多数码店,vivoY85,78,600
世纪风通讯8,vivoY85,66,758
ben6780,Huawei/华为Mate10,12,1111
东胜科技商城,honor/荣耀20pro,7,2068
深圳市酷优淘数码公司,锤子坚果pro3,22,1788
三际数码官方旗舰店,Huawei/华为nova5iPronova5ipro,6,1799
苏宁易购官方旗舰店,中兴K2,453,158
九一数码商城,OPPOA9,45,1147
尹过亿2016,honor/荣耀畅玩7X,117,585
广州手机批发中心,vivoY85,36,799
恒正科技数码,OPPOA11a11x,11,998
淘贝贝小店,vivoy67,127,328
品牌机批发店,Xiaomi/小米9,3,2428
红客红商贸,OPPOA59S,95,435
鱼得水_168,Apple/苹果iPhone11ProMax,5,4688
京成数码商贸,honor/荣耀20,2,2158
金色世界通讯,vivoX23,16,1409
浩如烟海bb,Huawei/华为nova2Plus,34,718
e酷手机网,Meizu/魅族16s,1,2199
隆兴数码8,Apple/苹果iPhone8Plus4G,112,2200
中华优美,OPPOR9S,9,1430
wezebaba,realmeX,8,897
流水逝年夜,vivoiQOONeo855,8,2298
盈利通贸易有限公司,Apple/苹果iPhoneX,7,4306
有话好说liu,Xiaomi/小米CC9,23,1107
美的如此忧伤,OPPOR9S,84,405
hbf432,honor/荣耀10GT,16,1155
tvbtvbtvb1212,Huawei/华为P10Plus4G,189,794
智能时代通讯7,vivoy67,99,270
mulxb01,Apple/苹果iPhone11A2223,10,5070
阿奎通讯行,Apple/苹果iPhone8,9,5078
百分百购物网,honor/荣耀9,78,430
三际数码官方旗舰店,vivoS1,11,1598
三际数码官方旗舰店,Huawei/华为nova5,5,2599
温江狐菲蜜,Apple/苹果iPhone8Plus,41,2200
简单生活90992200,honor/荣耀V9,10,638
爱上好好888,Apple/苹果iPhoneX,4539,3450
品牌机批发店,Xiaomi/小米MIX3,7,2299
友铭数码通讯,honor/荣耀20i,15,838
主流丽人,Apple/苹果iPhoneX,18,2100
鱼水源企业店,Apple/苹果iPhone8Plus,1,4700
中古电讯,honor/荣耀9x,281,799
lxt_雅腾,Xiaomi/小米Max2,71,668
heatlinda,honor/荣耀10,16,848
才发现永远太近,Apple/苹果iPhone11ProMax,2,5198
大君达企业,honor/荣耀10,34,888
广州手机批发中心,vivoX9,58,739
wezebaba,vivoZ5vivoz5z5x,4,1198
wezebaba,honor/荣耀8X,57,369
冰淇淋_00,一加GM1910,14,2580
小红帽511322,OPPOR11S,67,679
三际数码官方旗舰店,OPPOK5,21,1799
lan1239930,vivoX7,60,609
东胜科技商城,Xiaomi/小米CC9E,30,968
stars882,Apple/苹果iPhoneXSMax,9,3308
yonghengcym,Huawei/华为P20Pro,6,1299
三金1318,Huawei/华为畅享7,106,388
小希瀚,Apple/苹果iPhone11promax,11,5109
老爸老妈手机店,OPPOA59S,73,448
广西信恒科技,honor/荣耀20,10,1297
恒正科技数码,OPPOK5,1,1598
st鸿信,Meizu/魅族魅蓝note8,36,451
心萍通讯,锤子坚果Pro3SMARTISAN,18,2275
chenlongshao5,Meizu/魅族Note9Note6,27,498
爱上一个少年,Apple/苹果iPhoneX,8,2000
鸿运购物商城2019,vivoX23,48,1628
t_1496912954940_0943,Xiaomi/小米MIX2S,30,630
zhang349103394,Apple/苹果iPhone8Plus,25,1366
淘贝贝小店,vivoy67,76,298
迷失亡灵91,Apple/苹果iPhone11,27,5070
东胜科技商城,honor/荣耀Play3,20,780
hlhzuibang,honor/荣耀8X,15,1199
zxf13526638734,honor/荣耀畅玩8C,2,443
小红帽511322,OPPOR15,9,889
恒正科技数码,vivoZ3,12,898
三际数码官方旗舰店,vivoU3X,131,799
三际数码官方旗舰店,Meizu/魅族16thPlus,5,1788
华奥通讯bj,Huawei/华为P30Pro,8,1899
必爆888,Apple/苹果iPhone7Plus,30,1550
手机_小秘,honor/荣耀20pro,4,1698
奔跑的猪110,Apple/苹果iPhone8Plus,31,2080
鲁信数码科技公司,honor/荣耀20S,49,1499
笆笆拉科技,Huawei/华为P20Pro,13,2418
东胜科技商城,Xiaomi/小米9,10,2528
手机_小秘,Huawei/华为Mate20Promate20x,139,99
划地球,Huawei/华为畅享8e,16,440
志辉爱吃玉米,Apple/苹果iPhone114Gpromax,21,5020
一朵花的记忆,Xiaomi/小米PLAY,22,799
chenlongshao5,Meizu/魅族X8,7,478
东胜科技商城,honor/荣耀20i,20,948
hbf432,Huawei/华为mate10pro,4,1235
翎点数码,红米Note2,82,235
苏苏通讯,honor/荣耀NOTE10GT,4,1268
zxsgtc,Apple/苹果iPhoneXS,13,4470
红柚pdadiy,Huawei/华为畅享7,62,340
e酷手机网,honor/荣耀9x,25,828
老爸老妈手机店,OPPOA77,67,438
博远通讯88,honor/荣耀20pro,4,2498
淘淘淘好东西韩,vivoX9,76,434
oppo手机企业商城,OPPORenoAce,36,2999
国货平价网,Huawei/华为P20Pro,2,2568
轩辕听雨阁茶庄,Apple/苹果iPhone8,33,1558
三际数码官方旗舰店,Huawei/华为Mate30Pro5G,4,6399
三际数码官方旗舰店,realmeQrealmeq,63,1498
苏宁易购官方旗舰店,中兴K1994G,54,299
东胜科技商城,Xiaomi/小米RedmiK20,9,1740
鸿威通讯,一加7proOnePlus,13,1818
tb238681098,Huawei/华为P20Pro,28,1499
zxf13526638734,Xiaomi/小米9pro,2,3539
淘酷tool,honor/荣耀magic2,1,1819
归来的店家,honor/荣耀V9play,56,465
划地球,honor/荣耀20,7,959
高斗创业科技,OPPOR15,49,888
优先商品,Xiaomi/小米CC9,18,830
众合数码高手,honor/荣耀8X,7,799
chenghong301314,红米note7pro,30,929
leaf叶子860,Apple/苹果iPhoneXR,31,2499
方妮2016,Huawei/华为华为畅享5S,154,290
zhangbaoenji,Xiaomi/小米PLAY4,8,940
zhuyoukui1987,Huawei/华为畅享8Plus,11,376
zhangbaoenji,Xiaomi/小米PLAY4,8,940
zhuyoukui1987,Huawei/华为畅享8Plus,11,376
wenwei3166,honor/荣耀畅玩7X,53,570
深港通信专卖,一加7TPro,9,4138
ben6780,Huawei/华为Mate20,3,1698
品牌机批发店,红米note7pro,15,828
heatlinda,honor/荣耀V20,111,1768
鲁信数码科技公司,honor/荣耀20i,2,955
诚亨通讯,vivoU1,7,588
yuzunyi0423,红米note8Prose,8,1423
温州鑫星标牌厂,vivoX7plus,85,508
三际数码官方旗舰店,红米8Redmi8,23,699
亿达实业公司,Huawei/华为mate8,19,649
wenwei3166,Huawei/华为nova,55,628
zhuyoukui1987,Huawei/华为mate8,3,692
chenghong301314,红米8a7,34,499
恒正科技数码,vivoZ5,3,1258
du9248wu,Apple/苹果iPhoneXSMax,7,4650
赵小小配件商城,Huawei/华为mate10pro,12,958
太过迁就aa,vivoX7,153,345
yuzunyi0423,honor/荣耀20S,20,1489
tb024443530,Huawei/华为畅享5S,76,348
a货原装魅族手机,Meizu/魅族魅蓝Note6,287,188
